median velocity,median direction,direction dispersion,is wave,#contours,mass center,is steady
7.754,265.842,0.089,False,299,"(35.5, 48.39)",False
7.549,268.637,0.028,False,327,"(36.7, 49.51)",False
7.693,268.398,0.031,False,333,"(37.23, 49.99)",False
8.298,268.723,0.028,False,318,"(38.44, 48.38)",False
8.461,269.981,0.055,False,342,"(38.68, 49.56)",False
8.846,270.07,0.035,False,323,"(39.01, 50.2)",False
9.86,268.58,0.08,False,323,"(38.56, 50.57)",False
9.817,272.277,0.072,False,334,"(38.75, 50.4)",False
10.977,271.962,0.075,False,321,"(38.78, 52.81)",False
12.769,274.205,0.344,False,265,"(44.23, 46.72)",False
13.799,269.008,0.075,False,281,"(45.3, 46.26)",False
14.871,264.752,0.087,False,288,"(47.03, 46.26)",False
15.17,260.486,0.072,False,242,"(51.71, 47.68)",False
14.676,257.396,0.183,False,250,"(50.12, 46.08)",False
14.945,252.366,0.191,False,245,"(51.56, 45.65)",False
15.895,256.705,0.139,False,254,"(50.87, 41.26)",False
12.977,252.414,0.32,False,226,"(47.21, 40.13)",False
8.749,247.942,0.322,False,281,"(47.63, 39.86)",False
8.788,268.907,0.491,False,257,"(47.53, 38.87)",False
7.271,247.735,0.211,False,241,"(47.12, 39.99)",False
7.312,258.304,0.095,False,232,"(47.9, 39.77)",False
9.138,250.785,0.108,False,231,"(49.13, 41.0)",False
7.921,246.371,0.02,False,233,"(46.89, 43.36)",False
8.321,247.861,0.046,False,251,"(47.64, 42.54)",False
8.139,247.579,0.069,False,231,"(41.84, 43.04)",False
8.016,251.567,0.086,False,235,"(42.64, 42.86)",False
8.299,255.151,0.08,False,230,"(42.25, 43.44)",False
7.771,254.624,0.059,False,228,"(41.17, 41.61)",False
7.867,251.368,0.05,False,225,"(40.78, 40.74)",False
8.232,252.342,0.098,False,220,"(43.28, 39.73)",False
8.16,250.455,0.071,False,205,"(42.16, 40.26)",False
8.824,250.472,0.109,False,184,"(45.6, 33.91)",False
8.729,246.685,0.079,False,192,"(46.11, 38.57)",False
9.33,245.024,0.16,False,202,"(47.82, 40.44)",False
10.443,241.638,0.144,False,179,"(47.83, 39.94)",False
9.881,241.779,0.098,False,212,"(45.52, 40.82)",False
9.373,243.458,0.145,False,219,"(46.6, 43.07)",False
9.539,245.324,0.059,False,215,"(47.08, 40.79)",False
8.464,246.944,0.082,False,228,"(48.25, 42.45)",False
9.295,253.09,0.124,False,222,"(46.94, 39.19)",False
8.861,254.803,0.105,False,228,"(47.57, 39.18)",True
9.731,255.056,0.101,False,236,"(47.37, 41.02)",True
9.536,256.342,0.098,False,247,"(46.74, 40.83)",True
9.753,259.159,0.069,False,251,"(46.76, 40.15)",True
10.094,261.741,0.04,False,262,"(46.62, 39.8)",False
9.955,265.526,0.035,False,250,"(46.76, 42.4)",False
10.806,268.736,0.012,False,265,"(49.29, 42.34)",False
11.198,271.359,0.067,False,265,"(49.12, 41.85)",False
11.396,273.111,0.18,False,257,"(49.67, 41.69)",True
12.315,273.088,0.19,False,243,"(49.87, 42.13)",True
12.565,269.981,0.151,False,233,"(50.02, 42.3)",True
13.475,270.361,0.185,False,247,"(51.76, 42.09)",True
14.003,269.754,0.237,False,249,"(49.17, 43.3)",True
14.041,270.748,0.062,False,244,"(49.18, 41.92)",True
14.814,270.559,0.185,False,261,"(50.43, 41.95)",False
7.184,270.774,0.405,False,242,"(49.71, 41.74)",True
7.993,274.083,0.221,False,231,"(47.99, 42.09)",True
14.651,285.842,0.508,False,221,"(47.57, 40.62)",True
18.0,278.166,0.613,False,212,"(40.95, 42.28)",True
7.499,271.87,0.369,False,181,"(43.72, 37.17)",False
8.07,273.44,0.042,False,216,"(44.57, 38.71)",False
8.604,265.333,0.171,False,229,"(43.34, 38.99)",False
7.74,271.662,0.074,False,254,"(44.02, 40.45)",False
7.243,270.835,0.294,False,251,"(42.8, 39.85)",True
6.515,275.102,0.054,False,254,"(42.32, 41.68)",True
7.133,272.104,0.338,False,272,"(40.11, 44.14)",False
6.788,266.317,0.021,False,290,"(41.9, 42.39)",False
8.08,269.289,0.413,False,308,"(43.05, 44.0)",False
6.298,265.126,0.009,False,321,"(42.97, 43.96)",False
6.211,263.164,0.009,False,333,"(42.03, 45.11)",False
5.921,261.981,0.022,False,339,"(42.89, 45.62)",False
5.639,260.363,0.024,False,353,"(42.76, 47.11)",False
5.77,259.517,0.018,False,364,"(42.1, 46.02)",False
5.944,258.682,0.025,False,368,"(43.09, 46.21)",False
5.791,255.991,0.037,False,374,"(44.72, 46.01)",False
5.939,252.099,0.069,False,365,"(44.99, 46.84)",False
6.415,246.739,0.091,False,374,"(44.8, 48.46)",False
6.247,242.634,0.096,False,374,"(45.56, 47.2)",False
5.919,240.929,0.065,False,387,"(44.6, 47.73)",False
5.973,238.096,0.063,False,413,"(45.47, 48.84)",False
5.821,235.541,0.067,False,398,"(45.15, 49.15)",False
5.473,235.489,0.154,False,441,"(44.61, 49.47)",False
5.508,236.056,0.029,False,458,"(44.59, 50.61)",False
5.406,238.421,0.034,False,448,"(43.56, 51.27)",False
4.925,236.907,0.023,False,457,"(43.94, 51.43)",False
4.463,237.139,0.03,False,470,"(43.05, 53.18)",False
4.157,239.987,0.013,False,485,"(43.64, 53.08)",False
4.01,239.374,0.021,False,466,"(43.23, 52.42)",False
4.357,240.425,0.019,False,475,"(43.29, 53.2)",False
3.959,247.435,0.021,False,465,"(43.52, 53.36)",False
4.097,248.24,0.023,False,501,"(45.35, 53.29)",False
4.091,250.198,0.025,False,506,"(44.57, 53.26)",False
4.207,250.525,0.033,False,479,"(43.77, 53.81)",False
4.126,252.665,0.023,False,510,"(43.64, 53.64)",False
4.124,260.863,0.017,False,478,"(43.13, 52.24)",False
4.104,259.658,0.016,False,504,"(43.15, 52.33)",False
4.626,263.128,0.046,False,463,"(44.13, 50.45)",False
4.276,268.431,0.07,False,493,"(44.91, 50.11)",False
4.426,270.592,0.054,False,454,"(44.51, 49.93)",False
4.663,273.353,0.085,False,463,"(43.92, 49.97)",False
4.64,279.209,0.034,False,494,"(44.32, 50.77)",False
5.03,279.775,0.034,False,484,"(43.56, 50.36)",False
4.621,280.759,0.056,False,506,"(44.7, 51.02)",False
4.779,280.222,0.018,False,498,"(44.65, 51.78)",False
4.557,282.481,0.021,False,489,"(45.49, 51.96)",False
4.655,286.411,0.051,False,465,"(44.9, 51.64)",False
4.492,286.8,0.046,False,441,"(44.81, 49.46)",False
4.345,291.765,0.045,False,470,"(47.0, 49.42)",False
4.52,285.572,0.138,False,428,"(46.71, 49.54)",False
4.721,287.477,0.139,False,461,"(46.91, 50.95)",False
4.067,284.084,0.314,False,438,"(47.87, 49.28)",False
3.744,277.441,0.093,False,458,"(47.09, 50.05)",True
3.922,278.937,0.162,False,497,"(46.8, 50.76)",True
4.274,268.608,0.08,False,487,"(46.13, 51.35)",True
4.464,271.632,0.067,False,486,"(45.73, 52.32)",True
4.795,267.407,0.035,False,496,"(45.79, 53.96)",True
5.058,265.894,0.024,False,494,"(45.48, 53.67)",True
5.295,262.442,0.013,False,494,"(45.1, 54.1)",True
5.23,264.066,0.021,False,474,"(45.33, 54.21)",True
5.152,264.384,0.031,False,480,"(46.54, 54.3)",True
5.008,265.566,0.036,False,484,"(46.97, 54.0)",True
4.735,258.84,0.135,False,491,"(47.39, 52.85)",False
5.767,263.564,0.116,False,410,"(46.14, 50.77)",False
5.949,264.28,0.024,False,431,"(47.22, 51.39)",False
5.567,262.675,0.06,False,425,"(46.59, 52.45)",False
5.46,264.191,0.04,False,465,"(47.92, 52.44)",True
5.687,261.085,0.053,False,445,"(46.7, 52.43)",True
5.574,257.023,0.083,False,446,"(46.88, 52.44)",True
5.63,256.778,0.084,False,460,"(46.48, 52.09)",True
5.493,258.038,0.078,False,455,"(46.5, 52.86)",True
5.722,255.942,0.092,False,471,"(46.94, 52.94)",False
5.322,250.824,0.151,False,477,"(45.28, 51.32)",False
5.693,252.209,0.149,False,481,"(44.4, 50.8)",True
5.599,252.052,0.075,False,441,"(43.19, 49.55)",True
5.763,251.431,0.051,False,465,"(43.7, 49.71)",True
6.07,252.411,0.058,False,446,"(43.86, 49.08)",True
6.21,253.77,0.06,False,441,"(44.09, 49.05)",False
6.507,254.186,0.092,False,422,"(44.94, 48.68)",False
7.075,255.498,0.088,False,405,"(44.02, 47.83)",False
7.716,255.251,0.048,False,408,"(44.54, 47.71)",False
7.884,258.461,0.026,False,416,"(44.8, 49.03)",False
8.566,257.687,0.031,False,408,"(45.4, 49.11)",False
8.845,256.317,0.056,False,393,"(45.27, 47.83)",False
9.006,255.025,0.171,False,399,"(43.62, 47.58)",False
6.815,258.107,0.099,False,380,"(43.03, 47.93)",False
7.088,260.851,0.017,False,323,"(39.52, 44.8)",False
7.149,261.276,0.111,False,348,"(39.75, 44.47)",False
7.383,260.608,0.045,False,362,"(37.78, 45.02)",False
8.758,262.901,0.067,False,350,"(37.82, 45.24)",False
7.398,257.804,0.227,False,343,"(39.27, 46.49)",False
8.176,264.475,0.012,False,359,"(39.89, 46.33)",False
7.944,264.363,0.041,False,355,"(40.64, 46.45)",False
7.494,262.711,0.022,False,333,"(39.72, 44.24)",False
7.138,261.195,0.028,False,329,"(38.21, 43.85)",False
7.098,259.688,0.069,False,339,"(40.7, 44.92)",False
6.703,259.859,0.025,False,352,"(40.15, 43.85)",False
6.903,260.295,0.036,False,356,"(41.15, 45.95)",False
6.799,258.287,0.049,False,365,"(40.47, 46.34)",False
6.865,257.132,0.052,False,399,"(40.81, 47.08)",False
7.01,256.333,0.016,False,390,"(41.48, 47.65)",False
7.448,255.089,0.016,False,408,"(42.17, 47.75)",False
7.913,255.514,0.026,False,399,"(41.37, 47.4)",False
8.139,254.689,0.045,False,405,"(41.0, 48.61)",False
9.136,254.767,0.064,False,379,"(41.72, 48.23)",False
9.998,257.971,0.065,False,365,"(42.24, 46.69)",False
10.055,261.108,0.088,False,343,"(40.8, 47.66)",False
9.756,259.202,0.076,False,348,"(40.56, 47.45)",False
10.52,258.401,0.033,False,334,"(40.2, 45.85)",False
9.871,262.07,0.078,False,324,"(40.5, 44.69)",False
10.22,260.47,0.089,False,317,"(38.99, 43.0)",False
8.86,261.997,0.037,False,315,"(39.78, 42.44)",False
9.98,262.494,0.051,False,304,"(37.76, 42.0)",False
9.213,260.22,0.054,False,307,"(37.24, 41.42)",False
9.539,260.054,0.17,False,315,"(37.92, 42.48)",False
9.09,261.524,0.1,False,323,"(37.73, 41.38)",True
8.374,262.867,0.091,False,346,"(38.76, 42.83)",True
8.249,263.521,0.037,False,342,"(39.0, 41.61)",True
8.399,261.404,0.077,False,345,"(40.32, 43.53)",True
7.671,261.356,0.056,False,361,"(40.76, 43.64)",True
7.065,256.172,0.395,False,367,"(40.6, 44.45)",True
7.495,259.731,0.08,False,354,"(39.4, 43.15)",True
8.887,261.021,0.16,False,358,"(39.53, 44.38)",True
7.868,261.022,0.01,False,357,"(39.68, 44.35)",True
7.927,259.6,0.022,False,372,"(39.7, 45.01)",True
8.79,257.166,0.264,False,377,"(40.71, 45.13)",True
6.988,259.715,0.048,False,377,"(40.31, 45.08)",True
7.165,261.41,0.056,False,358,"(39.98, 40.79)",False
6.853,259.848,0.072,False,331,"(41.74, 38.72)",False
6.82,261.448,0.008,False,382,"(42.34, 40.72)",False
7.475,260.447,0.07,False,386,"(42.48, 40.65)",False
7.541,259.966,0.103,False,395,"(42.88, 41.28)",False
7.748,256.345,0.236,False,386,"(42.44, 41.47)",False
7.567,254.727,0.087,False,375,"(41.63, 41.17)",True
7.694,255.955,0.054,False,418,"(43.06, 42.92)",False
7.458,255.374,0.03,False,413,"(42.33, 43.13)",False
6.952,253.799,0.044,False,414,"(41.87, 43.86)",False
6.833,253.527,0.102,False,437,"(41.2, 44.86)",False
6.519,252.673,0.028,False,433,"(41.31, 45.63)",False
6.417,254.561,0.135,False,433,"(41.4, 45.67)",False
6.143,252.509,0.092,False,455,"(42.11, 45.61)",False
6.295,254.751,0.058,False,448,"(41.28, 46.4)",False
5.76,254.822,0.045,False,472,"(40.85, 46.22)",False
5.629,257.163,0.01,False,472,"(41.51, 46.4)",False
5.283,256.58,0.078,False,479,"(41.31, 47.3)",False
5.269,257.927,0.048,False,503,"(40.39, 46.84)",False
5.271,260.454,0.038,False,498,"(40.39, 46.25)",False
4.899,264.106,0.035,False,506,"(40.81, 46.52)",False
4.832,266.012,0.032,False,517,"(40.94, 47.41)",False
5.001,264.898,0.018,False,514,"(40.7, 47.76)",False
4.661,267.192,0.011,False,531,"(40.67, 46.91)",False
4.786,269.167,0.057,False,527,"(39.8, 47.16)",False
4.751,269.436,0.017,False,552,"(40.85, 47.74)",False
4.468,268.453,0.057,False,555,"(41.41, 48.01)",False
4.449,264.639,0.006,False,551,"(41.65, 49.42)",False
4.506,266.926,0.013,False,546,"(40.26, 49.39)",False
4.137,269.477,0.014,False,573,"(41.25, 48.88)",False
4.434,264.344,0.018,False,537,"(41.02, 49.34)",False
4.407,260.33,0.008,False,511,"(39.43, 49.29)",False
4.468,262.889,0.016,False,565,"(41.09, 48.81)",False
4.742,259.046,0.008,False,538,"(40.1, 49.19)",False
4.383,264.793,0.004,False,532,"(40.72, 49.04)",False
3.856,272.433,0.14,False,537,"(41.52, 48.8)",False
3.778,268.08,0.105,False,535,"(41.89, 49.02)",False
3.364,264.294,0.012,False,522,"(41.07, 48.42)",False
4.231,258.841,0.019,False,510,"(41.07, 47.65)",False
3.573,264.918,0.006,False,522,"(40.85, 48.49)",False
5.605,263.757,0.097,False,486,"(40.3, 47.4)",False
4.046,269.823,0.007,False,513,"(41.37, 48.97)",False
4.145,265.298,0.008,False,508,"(41.33, 48.65)",False
3.925,265.561,0.009,False,482,"(41.01, 48.54)",False
4.299,266.125,0.007,False,469,"(41.16, 47.31)",False
4.139,266.657,0.037,False,452,"(41.88, 46.69)",False
4.447,269.88,0.069,False,449,"(42.35, 46.62)",False
4.36,272.698,0.105,False,417,"(43.31, 46.15)",False
4.615,268.056,0.01,False,395,"(43.26, 43.36)",False
4.517,269.886,0.013,False,397,"(43.15, 44.1)",False
5.422,266.801,0.046,False,361,"(41.73, 40.39)",False
5.328,270.168,0.072,False,374,"(42.4, 40.86)",False
5.742,269.713,0.013,False,355,"(40.37, 39.61)",False
6.289,272.391,0.117,False,384,"(40.76, 40.34)",False
6.191,273.199,0.069,False,373,"(40.57, 39.88)",False
6.256,270.711,0.031,False,370,"(40.4, 40.13)",False
6.644,270.008,0.006,False,380,"(39.01, 41.23)",False
7.15,269.329,0.016,False,363,"(38.95, 41.14)",False
8.06,265.45,0.037,False,378,"(38.65, 41.3)",False
8.317,265.506,0.074,False,364,"(38.49, 41.4)",False
8.782,265.885,0.003,False,324,"(37.86, 40.24)",False
8.853,267.17,0.043,False,349,"(38.98, 41.44)",False
9.491,263.12,0.025,False,340,"(38.95, 41.12)",False
9.319,263.81,0.042,False,314,"(39.21, 42.03)",False
10.159,263.057,0.006,False,254,"(38.07, 41.58)",False
9.863,260.936,0.008,False,213,"(37.64, 38.15)",False
10.944,261.816,0.004,False,282,"(38.95, 40.87)",False
11.302,259.77,0.004,False,264,"(37.64, 42.11)",False
11.356,259.501,0.036,False,283,"(39.42, 39.79)",False
12.249,260.243,0.019,False,275,"(40.7, 41.16)",False
12.632,260.406,0.027,False,269,"(41.05, 41.64)",False
12.662,260.665,0.026,False,259,"(42.31, 42.11)",False
13.788,260.416,0.045,False,263,"(42.95, 41.43)",False
13.821,258.854,0.032,False,234,"(40.93, 38.97)",False
13.775,260.127,0.093,False,261,"(43.79, 41.33)",False
13.076,259.84,0.038,False,287,"(43.3, 40.67)",False
13.406,258.777,0.048,False,273,"(42.92, 39.62)",False
13.371,259.137,0.147,False,270,"(43.69, 38.47)",False
13.572,258.626,0.1,False,267,"(41.66, 38.13)",False
12.949,257.648,0.155,False,267,"(41.75, 39.1)",False
14.612,258.397,0.142,False,266,"(38.86, 39.26)",False
14.335,259.809,0.141,False,272,"(41.95, 39.56)",False
13.531,260.033,0.277,False,286,"(43.47, 39.38)",False
13.904,258.799,0.191,False,290,"(44.36, 39.18)",False
14.509,259.009,0.151,False,280,"(45.09, 40.59)",False
13.643,259.797,0.133,False,278,"(44.54, 39.8)",False
12.617,258.741,0.124,False,281,"(43.82, 39.88)",False
12.261,260.267,0.208,False,289,"(44.25, 41.53)",False
11.782,260.335,0.058,False,302,"(44.07, 41.69)",False
8.482,260.934,0.419,False,311,"(43.86, 42.09)",False
7.079,268.864,0.013,False,330,"(44.58, 42.53)",False
6.737,269.184,0.018,False,346,"(43.93, 42.34)",False
6.896,268.064,0.034,False,371,"(44.18, 42.84)",False
6.736,268.363,0.016,False,380,"(43.42, 43.73)",False
7.262,266.09,0.006,False,361,"(43.48, 43.87)",False
7.427,263.713,0.047,False,350,"(44.82, 44.45)",False
7.698,264.337,0.072,False,313,"(42.72, 42.53)",True
7.52,263.348,0.009,False,356,"(44.56, 43.19)",False
7.566,263.439,0.003,False,348,"(45.33, 42.99)",False
7.304,261.387,0.003,False,367,"(44.82, 42.37)",False
7.591,261.514,0.032,False,349,"(45.18, 42.46)",False
7.459,259.407,0.004,False,351,"(44.59, 43.59)",False
7.368,257.327,0.023,False,333,"(44.04, 43.19)",False
7.483,256.329,0.039,False,319,"(42.05, 43.81)",True
7.945,258.291,0.025,False,326,"(40.86, 43.58)",False
7.752,256.631,0.022,False,323,"(40.32, 44.11)",False
8.053,254.086,0.008,False,319,"(39.95, 43.75)",False
8.037,254.997,0.025,False,331,"(40.76, 44.03)",False
7.921,256.298,0.042,False,323,"(40.51, 45.38)",False
7.773,258.555,0.032,False,322,"(38.98, 46.67)",False
8.283,257.81,0.026,False,315,"(38.85, 46.69)",False
8.836,256.141,0.063,False,304,"(38.68, 46.26)",False
10.402,251.323,0.101,False,292,"(37.68, 49.47)",False
10.787,248.137,0.024,False,290,"(38.98, 50.37)",False
11.735,247.248,0.018,False,289,"(39.26, 51.81)",False
11.927,249.043,0.072,False,281,"(38.44, 52.21)",False
12.165,248.012,0.076,False,273,"(38.93, 52.66)",False
12.481,250.894,0.092,False,274,"(38.85, 52.8)",False
12.193,252.714,0.074,False,251,"(36.93, 53.58)",False
12.637,256.657,0.019,False,238,"(35.45, 54.48)",False
12.827,256.106,0.024,False,245,"(34.77, 53.73)",False
13.292,259.012,0.051,False,251,"(34.38, 49.02)",False
13.629,259.737,0.119,False,271,"(31.32, 45.52)",False
13.24,258.996,0.019,False,265,"(30.56, 47.79)",False
12.626,263.8,0.074,False,258,"(28.5, 49.8)",False
8.306,263.908,0.9,False,243,"(27.26, 49.83)",False
9.103,258.587,0.024,False,241,"(26.76, 49.94)",False
8.605,257.872,0.089,False,245,"(27.06, 47.72)",False
8.044,257.347,0.212,False,286,"(30.21, 45.31)",False
7.634,258.806,0.383,False,308,"(31.11, 44.62)",False
8.184,254.306,0.313,False,349,"(33.6, 43.36)",False
7.955,250.56,0.149,False,367,"(33.6, 42.41)",False
6.074,252.378,0.099,False,375,"(32.48, 42.03)",False
8.158,253.658,0.084,False,351,"(32.42, 38.95)",False
7.976,257.668,0.152,False,363,"(31.68, 40.2)",False
9.443,259.205,0.155,False,307,"(29.24, 41.74)",False
8.937,261.625,0.143,False,283,"(29.26, 42.92)",False
11.314,266.89,0.13,False,249,"(27.96, 44.52)",False
12.402,268.451,0.107,False,230,"(28.23, 43.26)",False
9.202,269.87,0.446,False,228,"(28.95, 43.8)",False
8.646,276.061,0.16,False,232,"(29.78, 45.63)",False
10.97,283.391,0.183,False,219,"(30.41, 46.77)",False
9.744,290.951,0.076,False,233,"(33.48, 47.09)",False
9.437,295.6,0.041,False,241,"(35.07, 46.19)",False
9.098,297.272,0.067,False,253,"(35.15, 46.64)",True
7.875,296.453,0.075,False,271,"(33.93, 45.88)",True
7.839,281.821,0.075,False,257,"(31.54, 46.69)",True
7.411,272.364,0.066,False,269,"(31.41, 47.6)",False
7.436,259.103,0.009,False,289,"(32.82, 47.58)",False
7.444,254.912,0.009,False,302,"(33.68, 48.89)",True
7.561,255.239,0.023,False,328,"(35.87, 49.43)",False
7.779,253.648,0.043,False,310,"(33.93, 51.06)",True
7.96,255.347,0.023,False,327,"(33.55, 50.68)",False
8.544,256.649,0.006,False,315,"(35.2, 50.33)",False
9.563,256.296,0.006,False,315,"(35.52, 50.15)",False
10.602,256.682,0.038,False,287,"(35.58, 49.66)",False
9.724,257.507,0.033,False,286,"(36.5, 47.92)",True
12.822,259.036,0.086,False,273,"(36.48, 47.83)",True
13.516,259.393,0.158,False,260,"(36.35, 46.2)",False
12.571,257.456,0.156,False,251,"(36.35, 44.42)",False
16.39,257.497,0.047,False,227,"(35.31, 45.43)",False
14.915,260.071,0.044,False,213,"(36.18, 45.55)",False
15.469,260.559,0.063,False,212,"(35.37, 44.01)",False
8.842,265.11,0.443,False,195,"(37.73, 42.7)",False
8.874,261.972,0.143,False,201,"(40.83, 37.99)",False
7.841,262.216,0.135,False,215,"(39.83, 40.9)",False
8.231,264.095,0.065,False,224,"(39.85, 42.01)",False
7.704,263.103,0.04,False,207,"(40.32, 41.56)",False
9.724,260.194,0.012,False,203,"(39.76, 39.33)",False
9.449,262.055,0.021,False,218,"(40.42, 41.14)",False
9.642,257.155,0.017,False,219,"(40.46, 38.78)",False
9.547,256.602,0.025,False,193,"(40.76, 36.77)",False
10.278,259.196,0.046,False,172,"(39.6, 36.38)",False
10.792,260.047,0.03,False,216,"(39.02, 37.93)",False
11.915,260.316,0.084,False,189,"(38.86, 36.03)",False
11.682,261.037,0.089,False,221,"(38.99, 39.5)",True
11.401,259.373,0.084,False,200,"(39.12, 37.18)",False
12.174,261.756,0.098,False,206,"(39.95, 36.14)",False
12.201,263.458,0.085,False,205,"(38.39, 37.38)",False
11.817,264.553,0.09,False,192,"(37.23, 38.32)",False
13.39,262.889,0.145,False,210,"(36.26, 39.67)",False
13.453,263.719,0.048,False,197,"(36.13, 39.32)",False
14.703,263.509,0.042,False,208,"(34.9, 39.47)",False
14.041,263.624,0.052,False,210,"(36.82, 39.58)",False
14.301,264.499,0.043,False,243,"(37.93, 39.03)",False
14.008,265.297,0.03,False,229,"(38.66, 39.23)",False
13.913,266.002,0.14,False,239,"(38.71, 38.75)",False
13.86,266.942,0.052,False,200,"(39.22, 36.02)",False
15.716,269.389,0.088,False,234,"(39.06, 37.06)",True
14.844,267.045,0.177,False,223,"(38.79, 36.93)",True
14.679,264.215,0.265,False,223,"(42.43, 35.82)",True
12.781,260.201,0.157,False,230,"(41.03, 37.02)",True
10.9,259.63,0.172,False,256,"(39.84, 37.0)",False
10.489,263.848,0.647,False,256,"(39.26, 37.48)",False
7.075,260.219,0.017,False,282,"(41.25, 37.66)",False
6.965,260.969,0.034,False,294,"(40.91, 38.87)",False
6.774,265.549,0.021,False,314,"(41.49, 39.73)",False
6.126,267.288,0.026,False,330,"(43.3, 41.76)",False
6.163,270.094,0.025,False,350,"(43.98, 42.52)",False
5.794,272.541,0.018,False,354,"(43.85, 42.65)",False
5.45,272.596,0.034,False,356,"(44.13, 43.08)",False
5.21,273.971,0.043,False,369,"(43.85, 43.11)",False
4.941,279.162,0.044,False,372,"(44.13, 43.5)",False
5.069,282.79,0.048,False,398,"(44.56, 43.54)",False
5.274,286.587,0.063,False,404,"(44.53, 45.81)",False
5.274,287.146,0.038,False,416,"(44.43, 47.27)",False
5.177,282.537,0.045,False,413,"(43.48, 46.67)",False
5.3,281.351,0.03,False,404,"(44.29, 46.15)",False
5.154,279.409,0.03,False,408,"(43.19, 46.22)",False
5.205,272.473,0.064,False,417,"(43.08, 46.21)",False
5.168,272.925,0.026,False,420,"(42.75, 45.42)",False
5.103,274.846,0.055,False,415,"(43.02, 45.43)",False
5.06,273.202,0.083,False,420,"(43.95, 44.01)",False
5.574,272.622,0.022,False,426,"(42.37, 44.68)",False
6.213,274.206,0.032,False,423,"(42.62, 45.34)",False
6.061,273.544,0.011,False,424,"(41.85, 46.84)",False
6.249,269.792,0.03,False,425,"(41.23, 47.35)",False
5.649,266.853,0.026,False,418,"(41.22, 47.29)",False
6.252,266.66,0.009,False,399,"(41.7, 46.31)",False
5.759,267.462,0.008,False,433,"(42.77, 48.21)",False
6.133,266.464,0.014,False,429,"(42.92, 48.06)",False
6.233,267.286,0.012,False,410,"(43.29, 46.92)",False
5.892,265.719,0.009,False,400,"(44.08, 46.96)",False
5.792,261.456,0.005,False,387,"(44.11, 47.21)",False
6.553,260.242,0.009,False,368,"(43.7, 45.11)",False
5.79,260.458,0.011,False,409,"(45.49, 46.38)",False
8.027,264.091,0.145,False,407,"(44.98, 45.67)",False
4.714,258.828,0.018,False,400,"(44.6, 46.11)",False
4.714,262.635,0.075,False,408,"(44.9, 46.99)",False
4.732,264.852,0.106,False,404,"(46.83, 46.01)",False
4.655,261.298,0.158,False,408,"(46.48, 47.18)",False
5.093,258.067,0.167,False,409,"(46.1, 46.76)",True
4.452,256.001,0.106,False,429,"(46.43, 47.05)",True
5.006,267.809,0.021,False,432,"(45.32, 47.29)",True
4.644,254.473,0.021,False,417,"(45.16, 48.04)",True
4.876,257.528,0.024,False,385,"(44.12, 46.15)",True
5.076,253.797,0.02,False,419,"(44.62, 47.2)",True
5.265,251.8,0.072,False,398,"(45.43, 45.56)",True
5.485,253.108,0.042,False,403,"(44.25, 44.57)",True
6.094,252.613,0.014,False,405,"(45.47, 44.33)",True
6.106,250.424,0.021,False,418,"(45.3, 44.56)",True
6.46,249.773,0.01,False,409,"(43.8, 43.75)",True
7.74,250.051,0.022,False,413,"(43.59, 44.83)",True
7.41,254.548,0.062,False,419,"(43.45, 44.5)",True
8.207,255.773,0.063,False,380,"(42.22, 43.63)",True
8.949,260.094,0.015,False,378,"(42.03, 43.12)",True
9.575,263.183,0.038,False,381,"(42.86, 43.45)",True
9.408,263.847,0.066,False,384,"(42.16, 44.54)",True
10.008,262.908,0.046,False,382,"(42.02, 43.75)",True
8.621,263.435,0.075,False,399,"(41.61, 43.98)",True
7.554,263.719,0.066,False,392,"(43.0, 43.66)",True
6.342,265.707,0.024,False,378,"(43.74, 42.48)",True
3.631,270.072,0.176,False,394,"(44.18, 43.25)",False
3.595,266.569,0.021,False,414,"(44.48, 44.86)",True
4.517,277.837,0.23,False,411,"(44.94, 44.97)",True
3.719,274.777,0.072,False,409,"(45.49, 45.11)",True
3.595,282.261,0.06,False,410,"(46.28, 45.87)",True
3.566,286.525,0.045,False,452,"(45.47, 47.25)",False
3.41,285.365,0.048,False,435,"(45.7, 47.2)",False
3.485,276.077,0.061,False,383,"(47.05, 44.82)",True
3.281,278.548,0.032,False,413,"(47.14, 44.18)",True
3.6,278.366,0.03,False,426,"(46.14, 44.27)",True
3.489,287.543,0.053,False,443,"(46.48, 44.59)",False
3.686,286.986,0.025,False,421,"(46.06, 44.53)",True
3.697,285.434,0.02,False,447,"(46.14, 45.94)",False
3.998,287.076,0.008,False,441,"(45.77, 47.31)",False
3.664,285.242,0.007,False,488,"(46.74, 47.7)",False
3.974,283.42,0.005,False,465,"(46.84, 47.27)",False
4.222,287.494,0.009,False,438,"(46.1, 48.62)",True
4.269,289.747,0.009,False,476,"(46.86, 48.88)",False
4.418,286.021,0.013,False,440,"(46.11, 49.83)",True
4.64,281.997,0.01,False,477,"(47.09, 48.71)",False
4.678,284.595,0.009,False,451,"(48.78, 48.5)",False
4.581,282.515,0.011,False,480,"(48.44, 49.3)",False
4.841,278.492,0.074,False,476,"(46.8, 47.52)",False
4.786,282.63,0.017,False,489,"(47.93, 48.5)",False
4.663,280.155,0.015,False,452,"(46.97, 48.2)",False
4.848,275.65,0.036,False,444,"(47.84, 45.69)",False
4.646,278.548,0.03,False,484,"(47.81, 48.19)",False
5.524,277.654,0.01,False,455,"(47.28, 46.99)",False
4.99,279.019,0.027,False,475,"(48.65, 46.94)",False
5.713,272.434,0.008,False,437,"(48.08, 46.37)",False
5.694,274.137,0.043,False,480,"(48.48, 47.38)",False
6.307,270.81,0.063,False,432,"(47.5, 45.49)",False
5.827,270.033,0.021,False,468,"(49.46, 47.08)",False
6.364,268.066,0.024,False,410,"(47.63, 46.46)",False
6.403,270.241,0.023,False,432,"(47.59, 46.68)",True
6.206,269.61,0.035,False,432,"(47.25, 46.89)",False
7.203,265.6,0.017,False,400,"(44.0, 44.94)",False
6.984,268.763,0.019,False,416,"(45.07, 46.63)",False
7.284,269.382,0.035,False,375,"(44.31, 46.87)",False
8.029,269.692,0.138,False,397,"(45.98, 46.28)",False
8.491,267.709,0.111,False,393,"(45.43, 44.45)",False
8.557,271.638,0.085,False,356,"(43.84, 41.85)",False
8.759,270.35,0.068,False,390,"(44.77, 42.92)",False
8.952,272.663,0.084,False,394,"(45.42, 42.99)",False
9.042,272.421,0.134,False,381,"(45.18, 41.64)",False
9.724,272.533,0.071,False,360,"(43.85, 43.25)",False
6.213,271.247,0.093,False,405,"(43.99, 45.34)",True
6.742,270.422,0.117,False,392,"(42.86, 45.29)",False
6.211,275.279,0.248,False,419,"(43.61, 44.86)",True
5.432,276.306,0.205,False,424,"(43.88, 45.68)",False
7.093,276.696,0.224,False,429,"(43.57, 47.29)",False
5.009,274.912,0.062,False,434,"(43.84, 47.71)",False
5.314,273.176,0.033,False,414,"(43.22, 48.43)",False
5.247,274.491,0.015,False,414,"(43.33, 49.01)",True
5.196,275.71,0.022,False,406,"(42.66, 49.53)",False
5.349,278.362,0.067,False,412,"(42.97, 48.96)",False
5.405,283.579,0.016,False,391,"(44.78, 47.87)",False
5.771,286.263,0.043,False,425,"(43.21, 48.23)",True
5.815,285.551,0.039,False,438,"(42.38, 48.96)",False
5.43,284.682,0.038,False,441,"(42.62, 49.23)",False
5.546,284.706,0.072,False,450,"(42.54, 49.46)",False
5.705,286.216,0.021,False,437,"(42.22, 49.97)",True
5.687,289.848,0.11,False,450,"(41.93, 50.54)",False
4.856,290.912,0.047,False,449,"(42.19, 51.6)",False
5.438,287.168,0.102,False,455,"(42.25, 51.55)",False
5.968,287.735,0.054,False,448,"(41.82, 51.12)",False
5.404,286.785,0.04,False,417,"(42.1, 50.77)",False
6.011,288.723,0.174,False,450,"(43.0, 49.52)",False
5.41,288.013,0.147,False,444,"(44.06, 50.08)",True
4.847,287.05,0.014,False,475,"(43.86, 50.84)",False
4.662,283.809,0.03,False,433,"(43.67, 49.47)",False
5.006,285.631,0.022,False,408,"(45.08, 49.33)",False
4.847,295.964,0.212,False,473,"(45.01, 50.28)",False
4.53,283.735,0.015,False,455,"(45.9, 48.98)",False
4.45,280.899,0.032,False,450,"(45.14, 49.32)",True
4.305,281.318,0.017,False,478,"(45.01, 49.44)",False
4.251,285.452,0.025,False,458,"(45.89, 48.64)",True
4.416,285.553,0.018,False,451,"(45.29, 49.27)",True
4.045,287.424,0.031,False,493,"(45.52, 49.69)",False
4.072,288.582,0.034,False,482,"(44.48, 50.06)",False
3.945,288.661,0.03,False,470,"(44.71, 50.32)",False
3.499,287.269,0.046,False,495,"(44.49, 50.79)",False
3.701,285.157,0.054,False,505,"(44.82, 50.73)",False
3.35,288.969,0.049,False,503,"(44.83, 51.53)",False
3.147,285.284,0.179,False,457,"(46.58, 50.0)",False
3.21,279.866,0.049,False,447,"(48.15, 49.73)",False
3.036,275.394,0.146,False,414,"(48.78, 47.59)",False
3.632,273.89,0.177,False,473,"(48.71, 48.66)",True
3.131,267.031,0.278,False,454,"(47.49, 47.64)",True
3.206,265.45,0.215,False,472,"(46.96, 47.66)",True
2.756,266.799,0.359,False,501,"(47.11, 48.32)",False
2.6,273.216,0.243,False,485,"(45.7, 48.21)",True
2.035,270.427,0.305,False,522,"(45.44, 49.65)",False
1.993,271.292,0.091,False,508,"(44.84, 49.52)",False
2.137,278.552,0.123,False,539,"(44.47, 49.26)",False
1.944,287.002,0.132,False,505,"(44.54, 49.86)",False
1.613,289.754,0.234,False,547,"(45.42, 50.64)",False
2.028,300.222,0.166,False,540,"(46.29, 50.15)",False
1.769,300.292,0.112,False,565,"(45.45, 50.52)",False
1.628,299.473,0.107,False,540,"(44.56, 52.0)",False
1.879,292.114,0.146,False,581,"(44.46, 51.72)",False
1.823,285.741,0.104,False,545,"(44.84, 51.87)",False
1.924,276.253,0.14,False,604,"(45.5, 51.7)",False
1.734,280.625,0.086,False,558,"(44.48, 52.48)",False
1.667,279.231,0.042,False,597,"(44.62, 52.67)",False
1.463,277.903,0.083,False,578,"(44.5, 52.79)",False
1.284,274.696,0.287,False,604,"(45.06, 52.75)",False
1.733,288.337,0.272,False,567,"(44.75, 53.33)",False
1.608,279.098,0.221,False,602,"(44.59, 52.99)",False
1.962,276.72,0.066,False,576,"(44.49, 52.55)",False
2.25,283.125,0.059,False,596,"(45.64, 52.62)",False
2.511,277.924,0.052,False,556,"(46.23, 52.19)",False
2.596,275.116,0.057,False,526,"(47.1, 50.12)",False
2.929,274.965,0.011,False,554,"(47.43, 50.89)",False
3.902,275.22,0.03,False,516,"(46.77, 50.9)",False
4.154,271.98,0.027,False,487,"(45.7, 49.34)",False
4.424,274.403,0.05,False,520,"(46.49, 50.95)",False
5.476,275.044,0.016,False,520,"(46.25, 50.74)",False
5.563,275.727,0.007,False,483,"(45.98, 49.27)",False
5.618,275.497,0.005,False,502,"(46.82, 49.74)",False
6.098,277.497,0.043,False,485,"(46.37, 46.48)",False
6.634,278.016,0.013,False,438,"(45.51, 46.12)",False
6.631,276.943,0.049,False,462,"(46.83, 46.04)",False
6.804,274.519,0.134,False,450,"(45.79, 47.06)",False
7.222,271.646,0.094,False,422,"(44.16, 46.62)",False
6.97,273.754,0.107,False,456,"(45.29, 47.24)",False
7.093,273.969,0.043,False,464,"(44.76, 48.15)",False
7.4,271.614,0.035,False,419,"(43.63, 47.58)",False
5.623,278.074,0.05,False,454,"(45.25, 49.16)",False
6.072,270.447,0.039,False,433,"(44.69, 49.4)",False
6.373,268.208,0.079,False,435,"(43.94, 49.36)",False
5.51,270.204,0.064,False,436,"(43.95, 49.9)",False
5.631,267.217,0.024,False,404,"(40.94, 47.07)",False
5.494,264.708,0.024,False,369,"(42.52, 44.94)",False
5.947,262.899,0.036,False,422,"(42.21, 46.91)",False
6.18,265.404,0.047,False,384,"(41.62, 47.14)",False
6.395,270.297,0.015,False,399,"(41.14, 46.11)",False
6.781,272.278,0.033,False,388,"(43.03, 45.19)",False
6.921,270.241,0.056,False,392,"(43.79, 45.93)",False
6.722,269.844,0.091,False,393,"(42.78, 46.27)",False
6.292,267.809,0.013,False,395,"(43.45, 46.99)",False
6.651,265.304,0.052,False,399,"(43.8, 45.59)",False
6.707,266.138,0.103,False,386,"(44.66, 44.1)",False
6.249,261.281,0.027,False,387,"(47.02, 44.17)",False
6.742,259.585,0.095,False,374,"(47.64, 43.84)",False
7.057,256.55,0.036,False,400,"(47.81, 44.46)",False
7.126,252.262,0.086,False,360,"(47.71, 44.74)",False
7.396,249.067,0.039,False,386,"(49.77, 46.07)",False
7.927,247.566,0.107,False,412,"(50.3, 47.85)",False
7.623,248.749,0.097,False,424,"(47.9, 49.39)",True
6.951,251.925,0.038,False,449,"(47.53, 48.94)",False
5.884,253.522,0.228,False,468,"(46.44, 48.88)",False
4.969,259.301,0.081,False,489,"(46.59, 49.06)",False
4.463,252.562,0.15,False,489,"(48.03, 51.12)",False
4.351,252.369,0.099,False,488,"(47.81, 49.82)",False
4.461,251.646,0.073,False,509,"(47.2, 49.18)",False
3.847,255.136,0.059,False,513,"(45.89, 49.26)",False
3.502,254.982,0.066,False,518,"(46.14, 48.6)",False
3.268,254.558,0.062,False,532,"(44.96, 49.25)",False
3.021,253.911,0.043,False,544,"(45.38, 49.31)",False
2.902,253.51,0.037,False,539,"(46.11, 48.16)",False
2.759,263.626,0.072,False,541,"(45.56, 49.83)",False
2.826,260.282,0.032,False,545,"(45.53, 50.26)",False
3.039,260.503,0.047,False,504,"(43.99, 49.82)",False
3.018,262.518,0.02,False,526,"(44.45, 50.81)",False
3.04,260.355,0.067,False,501,"(44.07, 50.93)",False
2.975,258.851,0.022,False,552,"(44.9, 50.28)",False
3.49,258.498,0.029,False,517,"(43.95, 49.2)",False
3.58,259.083,0.043,False,505,"(43.8, 50.56)",False
3.599,260.444,0.011,False,546,"(45.54, 50.93)",False
4.073,258.495,0.011,False,522,"(45.53, 50.29)",False
4.454,259.31,0.025,False,497,"(44.1, 50.38)",False
4.661,260.119,0.016,False,527,"(45.54, 50.9)",False
5.33,258.101,0.03,False,519,"(45.3, 49.34)",False
5.559,257.443,0.01,False,484,"(42.86, 48.57)",False
5.323,257.683,0.077,False,490,"(43.47, 50.11)",False
5.972,257.528,0.058,False,456,"(45.3, 48.53)",False
6.44,256.982,0.006,False,499,"(44.65, 48.47)",False
6.411,256.607,0.03,False,474,"(45.49, 48.26)",False
6.949,257.402,0.007,False,486,"(45.52, 48.3)",False
6.974,257.285,0.006,False,478,"(45.13, 49.43)",False
7.76,256.181,0.012,False,455,"(45.8, 47.56)",False
7.967,260.753,0.017,False,470,"(45.33, 49.91)",False
8.785,259.603,0.011,False,457,"(47.1, 47.6)",False
9.034,261.276,0.038,False,449,"(47.34, 46.86)",False
8.586,262.969,0.074,False,426,"(45.89, 46.57)",False
4.719,267.827,0.241,False,429,"(45.45, 46.17)",False
4.008,269.465,0.017,False,436,"(43.6, 44.51)",False
4.514,269.936,0.023,False,419,"(44.61, 44.65)",False
3.905,267.939,0.074,False,425,"(43.55, 44.86)",False
3.808,265.776,0.095,False,424,"(43.04, 42.57)",False
3.476,266.223,0.054,False,450,"(43.79, 43.1)",False
3.846,270.965,0.052,False,423,"(42.32, 42.95)",False
3.497,270.82,0.145,False,445,"(43.51, 44.27)",False
3.755,270.796,0.11,False,451,"(43.47, 44.9)",False
3.175,275.911,0.121,False,421,"(43.37, 45.78)",False
3.847,283.47,0.102,False,434,"(43.93, 46.01)",False
3.351,285.229,0.088,False,451,"(43.6, 46.9)",False
3.394,292.594,0.063,False,468,"(43.87, 47.34)",False
3.812,293.968,0.044,False,474,"(44.55, 46.73)",False
3.808,290.146,0.115,False,450,"(46.0, 46.2)",False
3.687,291.037,0.057,False,476,"(45.69, 46.57)",False
3.765,284.538,0.195,False,486,"(46.54, 46.61)",False
4.276,280.017,0.076,False,500,"(46.09, 47.73)",False
4.074,278.22,0.021,False,477,"(45.18, 47.49)",True
4.074,275.661,0.037,False,458,"(45.53, 46.27)",False
4.324,278.008,0.024,False,479,"(46.21, 47.5)",True
4.2,273.981,0.011,False,476,"(45.78, 47.31)",False
3.99,272.86,0.009,False,451,"(45.01, 46.06)",True
3.886,270.827,0.044,False,495,"(45.84, 48.92)",False
3.888,270.109,0.018,False,501,"(45.37, 48.55)",False
3.805,264.564,0.009,False,494,"(44.99, 48.99)",False
3.88,260.266,0.011,False,487,"(45.16, 48.46)",False
4.058,259.958,0.028,False,465,"(45.17, 48.3)",False
4.259,259.987,0.051,False,486,"(44.21, 47.73)",False
4.155,256.643,0.006,False,439,"(44.11, 46.74)",True
4.205,254.064,0.008,False,467,"(44.92, 47.19)",False
4.671,251.346,0.026,False,449,"(45.9, 47.09)",False
4.447,250.048,0.029,False,496,"(45.76, 47.56)",False
4.653,248.268,0.012,False,480,"(45.51, 47.76)",True
4.606,248.867,0.019,False,510,"(44.95, 48.57)",False
4.839,248.264,0.009,False,507,"(44.16, 49.1)",False
4.763,247.62,0.091,False,510,"(43.79, 49.38)",False
3.848,247.255,0.053,False,502,"(43.97, 49.8)",False
4.142,248.306,0.024,False,499,"(43.45, 49.75)",False
4.151,245.742,0.064,False,489,"(43.1, 49.92)",False
4.258,248.318,0.013,False,472,"(43.09, 49.17)",True
4.499,243.188,0.021,False,439,"(42.27, 49.79)",False
4.744,242.797,0.035,False,471,"(41.55, 49.89)",False
4.736,243.146,0.025,False,481,"(41.57, 49.69)",True
4.255,244.972,0.023,False,467,"(42.58, 49.15)",True
4.525,243.499,0.027,False,480,"(42.27, 50.25)",True
4.283,242.613,0.032,False,480,"(41.94, 50.13)",True
4.215,240.6,0.089,False,471,"(41.2, 49.16)",True
3.87,238.339,0.078,False,484,"(41.46, 50.54)",True
3.91,236.61,0.214,False,483,"(41.47, 51.07)",True
3.997,240.019,0.149,False,459,"(40.98, 51.81)",True
3.616,243.152,0.028,False,464,"(40.75, 50.63)",True
3.275,247.143,0.059,False,463,"(41.0, 50.69)",True
3.079,245.574,0.089,False,456,"(40.63, 50.88)",True
3.602,244.076,0.049,False,471,"(41.06, 51.07)",True
3.633,246.786,0.086,False,462,"(41.92, 51.42)",True
3.198,243.682,0.117,False,455,"(41.48, 51.24)",True
2.848,253.699,0.2,False,458,"(44.16, 50.54)",False
2.541,263.046,0.233,False,475,"(42.9, 51.31)",True
2.46,268.57,0.559,False,467,"(40.92, 49.57)",True
2.496,283.466,0.574,False,489,"(41.65, 50.35)",True
2.985,294.382,0.715,False,487,"(41.24, 51.87)",True
3.382,293.751,0.639,False,510,"(42.42, 50.93)",False
2.599,291.409,0.442,False,490,"(42.92, 50.13)",False
3.237,277.65,0.281,False,510,"(41.23, 51.91)",False
3.593,270.815,0.189,False,504,"(41.87, 51.94)",True
3.762,270.028,0.105,False,502,"(42.68, 51.73)",True
3.789,273.15,0.066,False,496,"(42.77, 51.57)",True
4.335,272.539,0.062,False,501,"(42.91, 51.72)",True
4.934,275.158,0.057,False,527,"(43.6, 51.69)",False
5.681,276.854,0.07,False,500,"(43.69, 51.27)",True
6.115,272.7,0.06,False,493,"(43.69, 51.97)",True
7.275,280.475,0.068,False,465,"(44.97, 54.39)",True
7.591,277.71,0.055,False,439,"(45.21, 53.45)",False
7.658,281.368,0.077,False,396,"(46.57, 51.51)",False
7.734,285.721,0.083,False,444,"(45.62, 52.45)",False
7.603,283.842,0.051,False,423,"(45.77, 52.81)",False
8.449,277.996,0.072,False,405,"(46.59, 52.28)",False
9.18,274.008,0.063,False,390,"(49.1, 52.92)",False
10.107,272.764,0.131,False,375,"(49.02, 52.65)",False
9.52,271.363,0.115,False,376,"(49.85, 51.83)",False
10.351,267.045,0.152,False,381,"(48.31, 50.56)",False
9.495,269.528,0.193,False,393,"(45.99, 48.73)",False
7.661,264.852,0.197,False,384,"(45.24, 48.07)",False
6.79,264.794,0.253,False,387,"(42.68, 48.55)",False
5.552,259.862,0.094,False,379,"(41.03, 48.4)",False
5.857,255.751,0.189,False,364,"(41.26, 47.41)",False
7.305,258.449,0.023,False,365,"(42.21, 46.67)",False
6.595,259.871,0.087,False,371,"(42.55, 46.98)",False
5.274,257.144,0.223,False,377,"(41.35, 47.27)",False
6.746,260.363,0.057,False,374,"(42.1, 48.43)",False
7.288,260.363,0.012,False,358,"(41.26, 48.79)",False
6.845,261.571,0.064,False,368,"(41.62, 46.66)",False
5.665,268.278,0.157,False,378,"(41.55, 46.32)",False
5.603,271.311,0.248,False,392,"(41.03, 45.66)",False
4.941,269.772,0.222,False,398,"(42.58, 45.0)",False
5.261,279.529,0.184,False,408,"(42.12, 45.58)",False
5.133,273.146,0.229,False,410,"(41.42, 46.61)",False
5.301,270.044,0.147,False,410,"(41.39, 45.66)",False
5.156,263.551,0.219,False,423,"(41.52, 46.46)",False
4.963,266.285,0.087,False,427,"(41.32, 46.71)",False
4.747,260.096,0.1,False,426,"(43.02, 45.63)",False
5.994,258.803,0.082,False,421,"(43.05, 45.1)",True
5.946,258.46,0.154,False,435,"(43.09, 44.99)",False
6.581,253.617,0.177,False,420,"(43.93, 43.96)",False
7.223,255.137,0.027,False,403,"(43.12, 44.29)",True
7.464,255.021,0.088,False,386,"(41.34, 46.47)",True
8.002,254.717,0.187,False,356,"(39.86, 47.03)",False
9.132,253.711,0.284,False,350,"(39.98, 49.44)",False
10.248,255.329,0.308,False,312,"(39.67, 49.75)",False
10.728,251.928,0.371,False,310,"(40.76, 50.36)",False
9.79,251.02,0.257,False,326,"(38.64, 50.13)",False
9.727,255.73,0.139,False,326,"(37.62, 50.82)",False
9.832,265.946,0.075,False,352,"(38.73, 49.98)",True
9.104,267.243,0.123,False,331,"(40.48, 46.7)",False
7.542,266.658,0.086,False,356,"(41.28, 47.8)",True
7.11,270.918,0.143,False,366,"(40.83, 46.38)",True
6.387,269.575,0.217,False,416,"(41.45, 46.51)",False
4.923,272.953,0.279,False,421,"(41.42, 47.43)",False
3.686,277.343,0.267,False,454,"(41.66, 47.32)",False
3.13,277.555,0.221,False,474,"(41.68, 47.94)",False
2.67,266.259,0.311,False,494,"(41.49, 49.94)",False
3.467,263.547,0.266,False,498,"(41.29, 49.78)",False
3.791,267.483,0.176,False,488,"(41.68, 49.63)",False
4.025,268.118,0.081,False,508,"(39.78, 50.77)",False
2.845,276.387,0.145,False,532,"(39.92, 52.85)",False
5.263,273.553,0.398,False,491,"(39.75, 53.23)",False
4.073,269.329,0.062,False,525,"(40.26, 53.77)",False
4.903,267.227,0.05,False,494,"(40.19, 52.89)",False
5.528,266.231,0.076,False,508,"(40.86, 52.84)",False
6.502,263.096,0.083,False,506,"(41.82, 52.3)",False
6.521,259.87,0.14,False,512,"(42.82, 52.29)",False
6.791,257.948,0.174,False,481,"(42.38, 51.01)",False
6.44,257.231,0.194,False,460,"(42.41, 49.6)",False
6.491,259.664,0.087,False,443,"(41.63, 48.85)",False
7.286,263.109,0.075,False,395,"(42.46, 47.06)",False
8.802,270.101,0.038,False,418,"(41.36, 47.12)",False
8.791,278.578,0.118,False,420,"(42.03, 48.63)",False
7.949,276.957,0.084,False,403,"(39.14, 46.6)",False
7.398,276.287,0.136,False,382,"(39.24, 45.58)",False
7.769,277.848,0.168,False,396,"(39.8, 45.4)",False
8.312,274.245,0.076,False,385,"(38.87, 46.21)",False
7.818,272.66,0.024,False,380,"(39.57, 45.42)",False
7.021,269.925,0.099,False,378,"(39.68, 45.33)",False
6.501,267.063,0.048,False,369,"(40.38, 45.28)",False
6.321,266.705,0.02,False,381,"(40.48, 45.82)",False
5.728,270.752,0.018,False,385,"(39.94, 45.89)",False
5.599,277.563,0.107,False,389,"(40.3, 45.1)",False
4.972,279.285,0.142,False,358,"(37.95, 46.2)",False
6.145,281.892,0.214,False,358,"(37.99, 47.26)",False
5.371,278.474,0.236,False,350,"(38.58, 47.63)",False
5.638,282.129,0.125,False,359,"(37.73, 49.48)",False
5.221,280.557,0.175,False,358,"(38.46, 47.55)",False
4.389,281.199,0.115,False,387,"(37.24, 49.39)",False
4.605,279.043,0.11,False,403,"(38.42, 49.52)",False
4.147,281.241,0.074,False,412,"(39.18, 48.83)",False
4.477,284.143,0.113,False,422,"(39.04, 47.95)",False
3.492,297.038,0.077,False,430,"(39.79, 47.29)",False
4.295,282.829,0.074,False,438,"(39.8, 48.01)",False
4.556,277.573,0.075,False,438,"(40.06, 49.22)",False
4.981,275.733,0.07,False,458,"(41.34, 47.9)",False
5.154,274.581,0.067,False,432,"(42.39, 46.92)",False
6.112,274.518,0.102,False,424,"(42.58, 47.22)",False
6.217,275.359,0.193,False,412,"(42.78, 47.93)",True
6.667,271.115,0.131,False,391,"(42.64, 46.46)",True
6.283,270.653,0.224,False,403,"(43.83, 47.26)",True
3.156,272.026,0.105,False,416,"(43.67, 48.6)",True
2.864,266.542,0.126,False,439,"(44.09, 48.62)",False
2.946,265.046,0.126,False,419,"(43.3, 48.27)",True
2.994,262.004,0.031,False,447,"(44.02, 48.26)",False
3.272,255.84,0.081,False,437,"(44.42, 46.9)",False
3.333,257.044,0.056,False,430,"(44.48, 47.06)",True
3.55,246.02,0.13,False,431,"(44.22, 47.37)",False
3.525,241.468,0.387,False,406,"(43.62, 46.43)",True
4.04,246.068,0.386,False,383,"(42.99, 46.45)",True
4.759,237.007,0.162,False,388,"(40.27, 48.42)",True
4.516,229.18,0.18,False,391,"(40.02, 49.44)",False
5.368,234.705,0.184,False,390,"(39.39, 48.08)",False
3.431,234.743,0.099,False,409,"(40.87, 48.28)",False
3.848,241.407,0.147,False,414,"(41.0, 47.21)",False
2.995,248.76,0.36,False,417,"(41.46, 46.43)",False
3.594,250.953,0.364,False,437,"(42.8, 46.12)",False
3.14,264.525,0.347,False,453,"(42.88, 47.71)",False
3.041,279.919,0.321,False,465,"(43.75, 47.81)",False
2.711,276.625,0.214,False,491,"(45.52, 45.19)",False
2.484,274.586,0.245,False,486,"(44.63, 46.78)",False
2.226,270.309,0.234,False,485,"(44.26, 47.65)",False
1.527,276.587,0.285,False,498,"(46.18, 46.73)",False
1.196,267.097,0.411,False,472,"(45.06, 47.95)",False
1.898,293.434,0.273,False,498,"(45.04, 49.15)",False
1.605,292.046,0.316,False,514,"(44.64, 48.39)",False
1.775,287.843,0.215,False,496,"(44.2, 49.53)",False
2.484,293.02,0.205,False,489,"(45.35, 48.84)",False
2.569,295.047,0.211,False,505,"(44.89, 49.26)",False
2.726,287.463,0.093,False,466,"(45.79, 49.71)",False
2.653,290.285,0.174,False,504,"(43.7, 49.64)",False
2.6,289.643,0.157,False,489,"(43.91, 49.57)",False
2.691,288.848,0.118,False,530,"(45.07, 49.88)",False
2.975,285.105,0.051,False,516,"(44.18, 50.05)",False
2.844,282.368,0.027,False,535,"(44.22, 50.14)",False
3.092,281.372,0.024,False,531,"(45.09, 50.52)",False
3.026,276.251,0.029,False,476,"(44.37, 49.44)",False
2.927,267.93,0.064,False,479,"(44.83, 47.52)",False
2.954,269.953,0.153,False,449,"(44.29, 47.65)",False
3.412,267.126,0.074,False,513,"(44.73, 49.1)",False
3.258,265.866,0.076,False,486,"(44.1, 48.92)",False
3.261,272.547,0.095,False,476,"(45.4, 49.1)",False
3.213,273.222,0.071,False,502,"(44.73, 49.46)",False
2.76,273.309,0.036,False,481,"(43.06, 48.97)",False
3.019,267.08,0.061,False,460,"(44.4, 48.59)",False
2.669,266.487,0.087,False,487,"(44.11, 49.37)",False
2.733,270.744,0.111,False,474,"(44.5, 48.53)",True
2.753,269.005,0.102,False,518,"(44.3, 49.77)",True
2.804,262.585,0.119,False,504,"(44.03, 50.09)",True
2.825,265.612,0.274,False,518,"(44.67, 49.89)",True
2.603,255.705,0.243,False,491,"(44.09, 51.05)",True
3.353,250.348,0.119,False,523,"(43.81, 50.85)",True
3.382,251.253,0.191,False,526,"(44.07, 51.13)",True
3.824,263.485,0.084,False,533,"(44.81, 50.83)",False
3.629,266.467,0.06,False,547,"(45.15, 51.94)",False
4.087,263.219,0.026,False,530,"(44.92, 52.6)",True
4.39,266.94,0.021,False,525,"(45.35, 52.33)",True
5.332,267.576,0.08,False,515,"(46.42, 52.83)",False
6.237,265.902,0.151,False,487,"(46.6, 53.84)",True
5.541,265.205,0.13,False,495,"(46.49, 52.88)",True
5.623,260.299,0.16,False,466,"(46.82, 52.72)",False
5.353,264.453,0.209,False,469,"(47.18, 50.98)",False
4.379,255.498,0.128,False,477,"(46.42, 49.23)",False
5.253,245.736,0.222,False,455,"(45.57, 49.01)",False
4.068,261.16,0.042,False,480,"(46.66, 49.24)",True
4.959,262.576,0.252,False,471,"(46.75, 48.78)",True
4.094,269.947,0.025,False,450,"(46.82, 48.96)",False
3.555,265.968,0.018,False,480,"(46.77, 49.62)",True
3.483,262.296,0.044,False,429,"(47.39, 48.69)",False
3.365,266.917,0.058,False,459,"(47.67, 48.94)",False
3.056,269.119,0.028,False,420,"(46.02, 48.24)",False
2.873,265.739,0.072,False,473,"(47.53, 48.21)",True
2.788,269.393,0.088,False,453,"(46.97, 48.78)",False
2.299,270.02,0.013,False,470,"(47.98, 49.3)",True
2.743,269.593,0.038,False,486,"(46.94, 50.87)",True
2.55,265.804,0.03,False,468,"(46.69, 50.02)",False
2.427,267.774,0.057,False,490,"(47.41, 50.94)",True
2.603,268.22,0.029,False,477,"(47.22, 50.07)",False
2.58,267.549,0.076,False,450,"(45.63, 49.33)",False
2.822,268.89,0.113,False,503,"(46.82, 50.34)",False
2.94,268.411,0.048,False,487,"(46.65, 49.74)",False
3.452,264.762,0.056,False,460,"(46.19, 50.11)",False
3.343,268.217,0.043,False,506,"(47.35, 50.83)",False
4.214,257.291,0.079,False,468,"(47.2, 51.62)",False
4.308,261.849,0.057,False,480,"(46.73, 51.97)",False
5.294,264.196,0.06,False,470,"(45.86, 51.99)",False
5.99,259.671,0.022,False,463,"(45.91, 51.9)",True
6.342,259.562,0.023,False,456,"(45.22, 51.62)",True
6.43,257.976,0.03,False,462,"(45.14, 50.84)",True
6.502,258.851,0.067,False,455,"(46.67, 50.97)",True
6.314,260.618,0.016,False,435,"(46.3, 50.81)",False
6.506,259.124,0.058,False,436,"(45.9, 50.35)",False
5.986,260.094,0.194,False,427,"(46.46, 51.91)",False
6.339,264.733,0.035,False,437,"(46.04, 52.05)",True
7.247,268.118,0.193,False,444,"(46.53, 51.36)",True
6.525,266.027,0.016,False,408,"(46.55, 49.21)",False
6.196,269.971,0.033,False,422,"(46.87, 48.1)",False
7.019,268.974,0.038,False,401,"(47.73, 48.94)",False
7.122,267.901,0.016,False,387,"(47.33, 49.11)",False
7.875,269.987,0.097,False,396,"(48.56, 50.04)",False
8.036,268.962,0.071,False,413,"(47.81, 50.17)",False
8.311,267.567,0.036,False,392,"(46.6, 48.2)",False
8.01,268.156,0.051,False,419,"(46.66, 49.82)",False
8.54,266.989,0.018,False,383,"(47.04, 49.13)",False
8.627,270.012,0.021,False,413,"(46.84, 50.41)",False
8.728,269.323,0.024,False,417,"(46.43, 49.57)",False
8.714,269.954,0.036,False,397,"(46.7, 49.28)",False
8.755,270.264,0.043,False,384,"(46.77, 50.77)",False
9.598,268.891,0.049,False,392,"(46.16, 49.7)",False
9.202,268.541,0.121,False,389,"(45.93, 49.09)",False
9.688,269.025,0.082,False,371,"(45.32, 48.96)",False
7.116,282.958,0.341,False,360,"(46.59, 47.31)",False
7.326,269.167,0.276,False,344,"(47.44, 47.23)",False
5.17,274.229,0.178,False,338,"(48.01, 45.91)",False
5.08,274.008,0.138,False,367,"(47.88, 46.86)",False
7.064,275.892,0.252,False,358,"(46.58, 46.28)",False
3.744,279.305,0.061,False,363,"(48.34, 45.54)",False
3.623,280.146,0.075,False,376,"(45.73, 46.67)",False
4.026,287.475,0.035,False,382,"(45.89, 47.58)",False
4.966,302.374,0.57,False,383,"(45.63, 47.03)",False
3.324,286.886,0.149,False,414,"(44.67, 48.67)",False
2.981,288.54,0.105,False,444,"(44.52, 48.33)",False
3.36,283.627,0.079,False,426,"(42.95, 48.79)",False
2.397,282.306,0.243,False,470,"(44.13, 49.75)",False
2.587,293.381,0.072,False,494,"(45.26, 50.47)",False
1.87,287.787,0.146,False,488,"(43.84, 50.07)",False
1.558,286.101,0.142,False,501,"(43.46, 50.62)",False
0.998,281.894,0.239,False,522,"(44.48, 51.3)",False
0.958,283.435,0.19,False,503,"(42.55, 52.71)",False
0.739,286.004,0.168,False,546,"(42.26, 53.05)",False
0.585,279.041,0.381,False,530,"(42.35, 52.55)",False
0.602,270.608,0.464,False,571,"(42.38, 53.08)",False
0.428,248.42,0.684,False,545,"(42.77, 53.6)",False
0.612,241.77,0.48,False,576,"(43.68, 52.79)",False
0.329,232.151,0.61,False,562,"(44.07, 52.63)",False
0.371,219.947,0.385,False,590,"(44.45, 53.54)",False
0.702,227.47,0.142,False,562,"(44.32, 52.63)",False
0.563,216.935,0.221,False,564,"(44.37, 53.49)",False
0.955,230.896,0.086,False,551,"(44.11, 53.4)",False
0.996,222.846,0.123,False,579,"(44.54, 52.68)",False
1.037,236.963,0.044,False,536,"(44.11, 53.28)",False
1.259,240.195,0.06,False,556,"(44.25, 52.97)",False
1.891,249.57,0.027,False,549,"(43.75, 54.03)",False
1.717,246.709,0.033,False,595,"(43.85, 53.7)",False
2.154,254.631,0.041,False,559,"(42.71, 52.96)",False
2.361,250.303,0.018,False,536,"(43.27, 52.72)",False
2.717,250.792,0.019,False,565,"(44.61, 51.73)",False
2.919,253.741,0.013,False,549,"(44.06, 51.41)",False
3.137,261.752,0.019,False,505,"(43.43, 51.14)",False
3.81,255.833,0.02,False,513,"(43.57, 50.5)",False
4.197,252.622,0.038,False,491,"(42.67, 51.45)",False
4.692,257.964,0.013,False,466,"(43.32, 50.37)",False
5.374,264.103,0.013,False,497,"(43.61, 50.6)",False
5.567,260.894,0.054,False,473,"(43.64, 50.31)",False
6.147,260.094,0.012,False,479,"(44.17, 51.86)",False
6.72,259.392,0.007,False,482,"(44.22, 51.84)",False
7.287,260.029,0.046,False,474,"(44.11, 51.9)",False
7.807,261.675,0.008,False,458,"(43.55, 50.57)",False
8.169,261.322,0.011,False,442,"(43.17, 48.94)",False
8.979,262.09,0.02,False,430,"(43.49, 47.82)",False
7.004,262.323,0.059,False,398,"(42.0, 46.72)",False
6.026,267.237,0.151,False,401,"(42.29, 46.33)",False
5.868,259.907,0.095,False,391,"(39.17, 46.38)",False
6.268,263.421,0.016,False,387,"(39.01, 47.45)",False
5.562,263.074,0.07,False,392,"(39.65, 46.78)",False
5.306,264.488,0.124,False,365,"(38.22, 46.11)",False
6.358,264.738,0.196,False,359,"(37.4, 45.52)",False
6.02,269.94,0.09,False,362,"(38.88, 45.64)",False
5.665,269.335,0.047,False,371,"(38.57, 45.81)",False
5.953,274.368,0.074,False,359,"(39.45, 43.62)",False
6.545,273.037,0.14,False,350,"(41.27, 42.96)",False
6.259,268.621,0.122,False,351,"(40.15, 44.49)",False
6.294,267.319,0.089,False,346,"(37.58, 44.27)",False
6.146,267.136,0.139,False,358,"(38.83, 45.32)",False
6.437,262.432,0.097,False,387,"(38.9, 46.37)",False
7.052,264.555,0.104,False,371,"(38.89, 46.32)",False
7.573,268.609,0.142,False,362,"(39.11, 45.5)",False
7.6,268.521,0.127,False,368,"(39.23, 44.56)",False
8.403,271.459,0.155,False,375,"(41.31, 44.14)",False
8.746,273.685,0.132,False,370,"(41.24, 45.28)",False
9.135,269.081,0.138,False,377,"(41.29, 45.15)",False
8.778,270.993,0.109,False,389,"(42.33, 45.79)",False
9.404,267.161,0.094,False,400,"(43.32, 46.03)",False
8.762,268.705,0.102,False,402,"(43.54, 47.29)",False
9.321,267.136,0.048,False,391,"(43.76, 46.61)",False
8.977,267.442,0.048,False,403,"(44.07, 46.01)",False
5.729,282.241,0.188,False,416,"(44.29, 46.99)",False
4.361,284.119,0.117,False,412,"(44.33, 45.99)",False
5.889,289.121,0.115,False,430,"(44.07, 46.3)",False
4.418,287.397,0.094,False,418,"(43.03, 46.3)",False
4.915,280.072,0.04,False,444,"(44.2, 47.05)",False
4.275,278.888,0.076,False,450,"(43.28, 47.18)",False
4.737,273.806,0.108,False,471,"(43.02, 48.34)",False
3.281,269.942,0.098,False,498,"(43.05, 47.94)",False
4.346,269.682,0.236,False,476,"(43.51, 48.39)",False
3.314,266.692,0.038,False,460,"(41.73, 48.68)",False
3.15,264.68,0.031,False,483,"(43.12, 48.37)",False
3.072,265.005,0.091,False,478,"(42.25, 49.07)",False
2.868,267.188,0.05,False,488,"(43.7, 48.98)",False
2.802,260.307,0.074,False,502,"(42.54, 49.75)",False
3.052,259.86,0.084,False,481,"(42.72, 49.69)",False
3.152,256.151,0.106,False,493,"(43.52, 50.23)",False
3.692,254.558,0.118,False,477,"(43.76, 50.31)",False
3.805,255.859,0.094,False,509,"(43.8, 50.61)",False
4.24,257.72,0.08,False,475,"(43.83, 50.88)",False
4.497,256.849,0.044,False,502,"(44.34, 50.97)",False
4.28,256.975,0.021,False,492,"(43.29, 51.85)",False
4.31,256.427,0.059,False,501,"(42.8, 51.93)",False
4.193,256.105,0.034,False,518,"(43.17, 52.91)",False
4.012,253.287,0.044,False,508,"(42.97, 52.12)",False
3.861,252.12,0.065,False,502,"(44.07, 52.22)",False
4.49,254.818,0.055,False,501,"(43.15, 51.79)",False
4.727,253.602,0.086,False,500,"(43.81, 51.77)",False
4.537,252.438,0.077,False,478,"(44.59, 50.09)",False
4.629,257.806,0.059,False,473,"(44.43, 49.42)",False
4.671,256.528,0.067,False,463,"(45.47, 48.99)",False
4.809,258.321,0.134,False,472,"(45.55, 49.81)",False
5.143,260.075,0.065,False,436,"(44.65, 48.12)",False
5.34,264.235,0.142,False,397,"(44.58, 46.9)",False
4.732,262.683,0.086,False,452,"(45.78, 47.54)",False
5.533,257.823,0.017,False,390,"(44.28, 45.84)",False
4.802,258.52,0.031,False,442,"(44.65, 47.57)",False
5.526,254.693,0.016,False,438,"(44.96, 46.34)",False
5.922,254.708,0.035,False,415,"(44.78, 45.09)",False
6.011,254.3,0.07,False,402,"(44.85, 45.19)",False
6.279,257.952,0.056,False,395,"(42.66, 45.31)",False
7.871,260.019,0.01,False,401,"(43.38, 45.14)",False
8.756,261.64,0.023,False,373,"(42.96, 44.84)",False
9.754,260.718,0.067,False,358,"(42.95, 44.27)",False
9.723,263.119,0.099,False,315,"(43.17, 41.8)",False
9.331,264.918,0.106,False,324,"(43.33, 43.77)",False
8.482,267.737,0.078,False,332,"(43.72, 43.21)",False
8.889,269.3,0.036,False,328,"(43.97, 42.35)",False
9.003,265.25,0.175,False,330,"(44.84, 41.29)",False
11.049,265.079,0.169,False,284,"(45.14, 38.03)",False
10.592,266.602,0.143,False,303,"(45.18, 38.87)",False
11.867,264.799,0.103,False,316,"(45.95, 38.07)",False
7.066,270.125,0.404,False,291,"(47.53, 38.46)",False
5.583,266.951,0.173,False,315,"(46.79, 37.64)",False
4.947,268.547,0.206,False,313,"(47.23, 39.47)",False
4.057,267.294,0.207,False,303,"(48.26, 37.83)",False
5.349,265.253,0.154,False,328,"(48.86, 38.64)",False
4.631,260.217,0.187,False,343,"(48.99, 39.34)",False
6.134,271.166,0.037,False,344,"(47.54, 39.62)",False
5.557,265.238,0.096,False,343,"(48.48, 39.11)",False
5.208,270.913,0.038,False,377,"(47.53, 41.2)",False
5.243,267.766,0.045,False,392,"(46.44, 43.18)",False
4.758,269.375,0.085,False,404,"(46.74, 42.72)",False
4.23,271.506,0.157,False,407,"(46.35, 43.18)",False
4.16,273.856,0.128,False,395,"(48.09, 43.19)",False
3.524,270.023,0.065,False,429,"(46.03, 43.89)",False
2.604,272.496,0.079,False,423,"(45.97, 43.49)",False
2.526,275.619,0.088,False,435,"(46.22, 44.41)",False
2.942,278.248,0.158,False,422,"(47.4, 45.39)",False
2.158,275.636,0.186,False,452,"(46.59, 45.59)",False
2.109,273.479,0.315,False,451,"(45.94, 45.64)",False
1.856,276.198,0.235,False,446,"(44.8, 46.84)",False
2.091,278.843,0.361,False,435,"(42.63, 46.69)",False
2.445,290.186,0.335,False,467,"(43.21, 48.65)",False
2.896,287.55,0.357,False,468,"(43.48, 47.83)",False
3.659,298.27,0.32,False,436,"(42.98, 47.0)",False
3.448,288.563,0.266,False,468,"(44.05, 47.74)",False
2.707,289.462,0.22,False,488,"(43.71, 47.67)",False
1.884,294.467,0.25,False,462,"(43.36, 47.97)",False
1.825,302.201,0.129,False,516,"(44.45, 48.81)",False
1.943,307.604,0.131,False,530,"(44.25, 48.75)",False
1.678,314.931,0.117,False,510,"(42.32, 50.48)",False
1.685,301.968,0.122,False,483,"(42.48, 50.01)",False
1.794,309.082,0.155,False,492,"(42.49, 50.4)",False
2.127,312.3,0.215,False,602,"(40.64, 50.43)",False
1.879,308.207,0.112,False,572,"(40.71, 50.05)",False
1.613,299.797,0.132,False,556,"(40.34, 49.99)",False
1.589,295.705,0.083,False,584,"(40.58, 50.38)",False
1.494,303.786,0.167,False,582,"(40.3, 50.52)",False
1.14,304.089,0.226,False,588,"(40.53, 50.01)",False
1.913,284.683,0.367,False,594,"(40.93, 50.54)",False
1.856,289.93,0.242,False,562,"(41.02, 49.8)",False
1.61,289.922,0.176,False,496,"(41.02, 49.2)",False
1.799,272.82,0.384,False,518,"(42.03, 49.13)",False
1.574,280.975,0.419,False,497,"(41.89, 48.95)",False
0.941,283.456,0.423,False,515,"(41.51, 47.33)",False
1.464,287.193,0.646,False,490,"(42.38, 47.44)",False
1.125,274.344,0.8,False,479,"(41.65, 46.77)",False
1.235,250.757,0.808,False,458,"(42.45, 45.67)",False
1.389,248.295,0.517,False,485,"(42.0, 44.9)",False
1.741,249.85,0.449,False,409,"(42.77, 42.52)",False
1.969,252.564,0.327,False,387,"(42.47, 40.0)",False
2.063,266.684,0.523,False,305,"(37.11, 34.73)",False
3.65,270.334,0.555,False,298,"(37.28, 33.12)",False
5.109,271.656,0.389,False,297,"(38.0, 34.1)",False
6.486,270.052,0.305,False,266,"(40.06, 33.82)",False
6.828,272.464,0.186,False,232,"(38.66, 34.78)",False
6.078,285.023,0.037,False,216,"(38.3, 34.36)",False
6.172,288.336,0.091,False,249,"(36.59, 35.65)",False
7.16,283.184,0.072,False,247,"(37.41, 36.41)",False
7.716,283.341,0.053,False,271,"(38.99, 37.45)",False
8.449,280.932,0.038,False,276,"(40.4, 38.02)",False
9.672,274.356,0.061,False,266,"(39.49, 38.92)",False
11.207,274.396,0.012,False,269,"(41.59, 38.1)",False
11.786,274.586,0.047,False,256,"(42.94, 36.95)",False
11.637,271.665,0.208,False,223,"(41.3, 39.1)",False
9.497,268.916,0.06,False,248,"(43.16, 40.07)",False
9.537,275.055,0.104,False,262,"(43.87, 40.55)",False
10.064,274.615,0.123,False,279,"(44.6, 41.42)",False
9.139,268.322,0.013,False,258,"(43.69, 41.85)",False
9.111,270.273,0.007,False,263,"(44.18, 42.03)",False
9.131,273.431,0.007,False,289,"(44.2, 44.1)",False
8.81,274.814,0.021,False,280,"(44.54, 44.02)",False
8.557,274.939,0.006,False,285,"(44.7, 44.35)",False
8.618,275.753,0.012,False,285,"(44.04, 44.29)",False
8.5,276.621,0.012,False,304,"(43.62, 44.02)",False
8.745,277.362,0.023,False,309,"(44.73, 46.61)",False
8.24,275.166,0.057,False,318,"(43.83, 45.69)",False
8.52,278.249,0.049,False,307,"(43.21, 46.73)",False
8.401,275.308,0.074,False,315,"(44.18, 46.65)",False
8.265,273.64,0.048,False,321,"(44.13, 47.17)",False
8.257,274.216,0.046,False,318,"(43.76, 45.81)",False
7.815,273.572,0.047,False,320,"(43.1, 46.74)",False
7.855,276.249,0.064,False,329,"(42.92, 47.48)",False
7.256,276.369,0.131,False,315,"(44.72, 46.91)",False
7.116,278.136,0.154,False,322,"(43.42, 47.94)",False
7.483,291.595,0.206,False,327,"(42.55, 48.72)",False
7.406,290.317,0.367,False,322,"(42.65, 47.25)",False
7.34,294.621,0.264,False,311,"(43.48, 46.7)",True
7.399,294.711,0.179,False,316,"(42.86, 47.08)",True
6.678,295.407,0.157,False,324,"(42.8, 45.71)",False
6.289,289.872,0.17,False,307,"(43.81, 43.99)",True
6.419,285.62,0.235,False,321,"(40.92, 43.23)",False
6.176,286.244,0.489,False,343,"(40.7, 43.32)",False
6.597,279.254,0.276,False,332,"(39.31, 44.56)",False
6.454,279.468,0.056,False,346,"(40.55, 44.55)",False
7.379,270.514,0.155,False,337,"(40.92, 46.26)",False
6.739,277.894,0.027,False,337,"(39.87, 46.92)",False
8.752,269.825,0.31,False,321,"(40.41, 46.81)",False
8.594,275.376,0.05,False,310,"(40.67, 47.13)",True
7.8,282.391,0.13,False,326,"(41.56, 47.74)",False
8.228,273.409,0.08,False,304,"(40.36, 47.03)",False
10.038,279.799,0.084,False,306,"(42.6, 47.06)",False
9.218,277.845,0.516,False,216,"(49.27, 40.07)",False
10.764,288.591,0.234,False,194,"(56.53, 43.71)",False
11.365,293.738,0.281,False,167,"(63.3, 42.31)",False
9.32,296.348,0.2,False,144,"(65.31, 41.84)",False
8.819,302.211,0.211,False,170,"(63.67, 41.46)",False
10.007,298.273,0.064,False,156,"(63.8, 40.75)",False
8.937,286.138,0.099,False,142,"(64.85, 41.45)",False
9.536,283.742,0.102,False,167,"(62.11, 44.6)",False
10.456,280.826,0.027,False,139,"(59.87, 40.42)",False
8.593,285.816,0.023,False,160,"(56.71, 38.6)",False
6.441,286.873,0.413,False,143,"(60.47, 38.91)",False
7.248,285.776,0.34,False,161,"(60.15, 39.11)",False
6.95,284.448,0.196,False,165,"(62.43, 40.96)",False
7.49,269.231,0.174,False,157,"(61.9, 43.47)",False
9.568,253.549,0.007,False,164,"(61.66, 41.56)",False
8.76,255.244,0.024,False,169,"(61.48, 40.57)",False
7.903,259.544,0.15,False,139,"(60.13, 39.03)",False
8.677,264.446,0.041,False,132,"(61.47, 40.72)",False
6.542,270.015,0.172,False,170,"(59.4, 39.5)",False
7.726,279.066,0.06,False,128,"(59.32, 41.8)",False
7.874,275.918,0.19,False,152,"(62.53, 42.27)",False
9.085,274.888,0.116,False,129,"(62.61, 41.83)",False
11.513,266.585,0.119,False,139,"(63.52, 42.63)",False
10.529,266.58,0.039,False,143,"(61.27, 43.16)",False
9.314,270.632,0.073,False,137,"(60.48, 36.71)",False
13.65,257.877,0.162,False,150,"(56.59, 37.35)",False
11.668,260.433,0.049,False,162,"(53.08, 38.27)",False
10.274,262.378,0.164,False,167,"(50.31, 40.3)",False
9.935,269.335,0.281,False,173,"(49.31, 40.65)",False
10.448,260.98,0.003,False,188,"(49.08, 41.54)",False
11.298,258.157,0.014,False,173,"(48.61, 42.4)",True
10.963,263.583,0.02,False,197,"(47.16, 43.06)",False
9.724,258.009,0.023,False,207,"(47.2, 42.25)",False
8.633,261.346,0.072,False,204,"(48.72, 41.79)",False
10.452,264.67,0.119,False,210,"(48.77, 42.51)",False
11.879,277.387,0.216,False,221,"(48.56, 41.71)",False
8.457,264.6,0.03,False,234,"(49.16, 43.32)",False
10.109,266.901,0.052,False,201,"(50.3, 39.11)",False
8.685,268.884,0.049,False,227,"(47.61, 40.13)",False
8.826,269.823,0.024,False,210,"(50.23, 39.29)",False
9.215,269.463,0.032,False,233,"(51.13, 40.5)",False
8.637,267.925,0.037,False,214,"(50.34, 39.31)",False
8.462,268.233,0.025,False,212,"(50.68, 38.0)",False
8.2,268.547,0.058,False,215,"(50.75, 39.25)",False
8.321,267.15,0.07,False,215,"(49.9, 39.6)",False
9.036,265.659,0.061,False,224,"(48.06, 39.71)",False
9.312,266.354,0.04,False,231,"(45.01, 41.47)",False
9.262,266.486,0.074,False,223,"(43.74, 42.23)",False
8.856,265.912,0.07,False,228,"(43.62, 44.23)",False
7.983,271.706,0.059,False,243,"(43.9, 45.6)",False
7.024,276.658,0.128,False,213,"(44.75, 44.69)",False
7.137,276.31,0.152,False,246,"(45.79, 45.28)",False
6.845,276.388,0.092,False,236,"(44.54, 46.1)",False
6.546,274.73,0.113,False,259,"(43.32, 45.43)",False
7.832,269.07,0.251,False,251,"(43.23, 46.06)",False
8.164,270.978,0.128,False,266,"(44.57, 46.53)",False
7.373,276.538,0.055,False,262,"(43.65, 46.76)",False
8.246,272.923,0.032,False,273,"(46.13, 47.32)",False
10.755,274.226,0.049,False,242,"(49.41, 46.73)",False
9.36,272.187,0.047,False,291,"(48.92, 46.88)",False
8.665,273.352,0.016,False,286,"(46.63, 47.1)",False
7.191,264.954,0.089,False,292,"(47.72, 48.48)",False
7.106,259.277,0.059,False,298,"(48.42, 48.96)",False
7.187,260.308,0.045,False,309,"(49.33, 49.26)",False
7.245,259.161,0.063,False,316,"(50.36, 51.07)",False
7.768,257.986,0.036,False,330,"(49.37, 50.73)",False
7.979,258.04,0.037,False,318,"(50.07, 50.55)",False
8.637,257.513,0.043,False,293,"(50.39, 51.31)",False
9.463,257.844,0.089,False,272,"(49.78, 52.56)",True
10.641,258.254,0.064,False,234,"(49.84, 52.48)",False
11.035,260.795,0.114,False,251,"(50.01, 53.78)",False
11.27,261.77,0.068,False,234,"(51.75, 53.63)",False
11.569,264.677,0.066,False,257,"(52.31, 53.87)",False
11.529,265.593,0.048,False,243,"(51.29, 52.05)",False
12.502,265.103,0.082,False,229,"(51.76, 52.37)",False
12.746,266.714,0.025,False,225,"(51.07, 50.7)",False
13.259,267.352,0.036,False,205,"(50.25, 50.73)",False
13.721,268.893,0.234,False,213,"(49.7, 49.69)",False
14.009,270.963,0.112,False,188,"(49.93, 47.13)",False
15.088,269.897,0.133,False,167,"(49.49, 42.9)",False
14.749,272.049,0.212,False,178,"(48.05, 46.38)",False
15.474,270.919,0.222,False,170,"(47.31, 44.96)",False
10.573,279.932,0.495,False,181,"(47.98, 45.28)",False
9.765,278.8,0.093,False,185,"(45.87, 42.12)",False
9.769,279.176,0.037,False,197,"(46.68, 41.54)",False
9.781,279.366,0.055,False,165,"(48.76, 39.23)",False
9.676,280.712,0.08,False,195,"(48.29, 40.29)",False
9.995,282.777,0.162,False,173,"(47.87, 40.66)",False
10.1,283.678,0.119,False,180,"(51.23, 40.13)",False
10.471,282.022,0.22,False,182,"(49.6, 41.29)",False
11.786,282.317,0.212,False,169,"(50.47, 41.26)",False
13.369,286.198,0.281,False,101,"(51.34, 41.16)",False
16.35,285.431,0.269,False,69,"(52.33, 46.2)",False
17.823,283.334,0.334,False,32,"(59.7, 61.22)",False
19.048,278.899,0.294,False,33,"(52.3, 53.63)",False
18.688,275.613,0.273,False,28,"(53.51, 58.39)",False
19.53,269.426,0.288,False,36,"(66.2, 48.14)",False
19.12,262.15,0.18,False,44,"(68.33, 45.74)",False
20.418,259.519,0.284,False,84,"(61.42, 38.61)",False
6.84,250.247,0.408,False,73,"(67.43, 43.43)",False
8.164,255.991,0.613,False,100,"(65.35, 45.11)",False
7.698,227.756,0.311,False,107,"(62.63, 51.15)",False
9.753,219.833,0.183,False,110,"(63.74, 55.47)",False
7.553,209.125,0.478,False,103,"(61.96, 63.48)",False
8.873,205.028,0.544,False,95,"(58.09, 60.83)",False
6.719,232.391,0.14,False,86,"(60.48, 50.45)",False
7.657,233.086,0.461,False,74,"(57.85, 41.75)",False
10.667,238.072,0.486,False,85,"(45.66, 41.49)",False
12.244,249.712,0.309,False,100,"(40.36, 39.42)",False
9.918,240.959,0.095,False,135,"(34.21, 41.43)",False
9.894,243.448,0.111,False,137,"(33.38, 42.22)",False
10.317,246.462,0.111,False,152,"(34.61, 44.3)",False
10.787,247.285,0.063,False,149,"(32.96, 44.85)",False
11.696,249.336,0.078,False,136,"(34.07, 46.31)",False
12.542,245.584,0.159,False,115,"(37.63, 46.53)",False
14.602,243.435,0.244,False,89,"(39.06, 47.37)",False
16.198,244.602,0.278,False,79,"(39.45, 45.11)",False
17.14,259.25,0.299,False,35,"(34.74, 53.02)",False
18.915,265.259,0.276,False,47,"(34.09, 56.49)",False
18.079,257.646,0.228,False,33,"(36.41, 53.72)",False
16.636,262.052,0.226,False,51,"(41.67, 48.66)",False
15.352,263.483,0.17,False,50,"(47.94, 42.77)",False
16.589,269.388,0.323,False,49,"(58.84, 35.27)",False
19.205,266.006,0.253,False,58,"(55.99, 29.52)",False
16.639,268.072,0.319,False,86,"(59.52, 34.04)",False
19.154,265.489,0.392,False,87,"(61.08, 32.87)",False
7.034,264.361,0.461,False,115,"(60.74, 39.58)",True
9.292,219.822,0.502,False,143,"(57.52, 44.65)",False
8.471,232.009,0.537,False,107,"(58.86, 49.24)",True
9.944,207.61,0.313,False,106,"(58.75, 50.7)",True
6.706,240.024,0.455,False,76,"(58.25, 50.76)",True
11.425,243.253,0.216,False,74,"(58.48, 45.73)",True
10.924,238.882,0.122,False,54,"(61.91, 49.4)",False
11.773,261.58,0.205,False,54,"(64.73, 52.55)",False
12.485,258.152,0.067,False,53,"(66.49, 59.66)",False
12.5,256.377,0.144,False,61,"(66.21, 59.16)",True
12.676,255.111,0.106,False,63,"(62.88, 61.84)",True
12.748,255.736,0.123,False,59,"(64.88, 61.29)",False
12.489,257.906,0.11,False,48,"(65.01, 55.78)",False
13.266,263.951,0.106,False,33,"(56.78, 47.11)",False
14.648,265.483,0.112,False,32,"(47.25, 49.33)",False
16.201,264.785,0.155,False,34,"(48.15, 48.35)",False
17.206,264.225,0.136,False,40,"(49.01, 47.97)",False
17.573,263.721,0.188,False,31,"(50.02, 42.62)",False
16.589,265.743,0.204,False,39,"(48.71, 43.01)",True
16.207,262.056,0.102,False,31,"(50.78, 44.52)",False
17.522,256.332,0.105,False,40,"(41.77, 39.45)",True
18.757,255.921,0.1,False,74,"(49.43, 41.94)",True
17.588,252.593,0.116,False,104,"(41.47, 41.92)",False
16.409,251.938,0.131,False,114,"(43.85, 42.43)",False
13.38,255.236,0.198,False,136,"(47.12, 46.21)",False
7.786,256.957,0.824,False,156,"(44.87, 48.04)",False
7.28,254.48,0.209,False,174,"(44.71, 48.11)",False
8.768,249.162,0.161,False,180,"(44.84, 51.29)",False
9.081,251.118,0.064,False,171,"(45.35, 54.08)",False
10.371,255.977,0.061,False,173,"(43.77, 55.77)",False
9.706,254.213,0.073,False,168,"(44.82, 58.08)",False
9.257,250.226,0.109,False,159,"(46.36, 59.82)",False
8.551,250.24,0.115,False,130,"(47.77, 59.72)",False
8.329,253.887,0.199,False,128,"(51.52, 63.78)",False
9.027,245.802,0.078,False,134,"(51.0, 64.84)",False
9.059,246.678,0.103,False,146,"(49.17, 65.02)",False
9.98,245.106,0.066,False,121,"(45.86, 64.65)",False
10.27,247.603,0.089,False,167,"(44.82, 59.36)",False
9.58,246.834,0.066,False,182,"(44.03, 56.51)",False
10.727,248.723,0.096,False,184,"(42.28, 57.67)",False
11.42,250.874,0.175,False,192,"(40.01, 57.58)",False
7.888,246.93,0.368,False,198,"(41.97, 56.71)",False
8.766,240.328,0.257,False,190,"(42.71, 57.04)",False
10.908,246.659,0.567,False,216,"(42.39, 56.58)",False
8.971,247.439,0.108,False,204,"(43.32, 57.23)",False
7.005,240.916,0.238,False,198,"(43.63, 54.53)",False
7.281,248.142,0.082,False,195,"(45.23, 55.46)",False
8.515,245.646,0.421,False,190,"(48.17, 53.82)",False
7.19,253.859,0.084,False,202,"(46.57, 52.34)",False
7.781,256.802,0.041,False,209,"(46.32, 48.4)",False
7.435,257.399,0.084,False,209,"(44.71, 46.85)",False
7.072,259.181,0.148,False,221,"(46.44, 48.26)",False
6.085,262.712,0.28,False,233,"(47.01, 46.59)",False
6.49,266.786,0.326,False,219,"(47.05, 43.88)",False
5.515,266.567,0.341,False,247,"(47.34, 46.38)",False
5.023,268.655,0.32,False,272,"(47.73, 43.6)",False
4.839,279.719,0.266,False,274,"(47.7, 44.4)",False
5.284,278.096,0.243,False,257,"(47.83, 41.37)",False
5.4,277.486,0.242,False,264,"(49.88, 42.34)",False
6.288,276.088,0.125,False,237,"(48.61, 41.22)",False
7.035,278.582,0.09,False,270,"(49.43, 42.3)",False
7.451,272.116,0.15,False,261,"(50.09, 42.4)",False
8.023,270.405,0.194,False,242,"(50.5, 41.29)",False
8.445,271.574,0.1,False,244,"(49.99, 40.39)",False
9.652,278.079,0.183,False,211,"(48.14, 41.1)",False
8.671,278.388,0.188,False,217,"(49.01, 39.17)",False
8.342,275.254,0.343,False,214,"(49.18, 41.41)",False
8.975,276.426,0.145,False,198,"(48.87, 41.57)",False
9.377,274.536,0.096,False,197,"(48.92, 42.83)",False
8.389,259.791,0.422,False,210,"(49.61, 43.28)",True
7.614,271.433,0.139,False,207,"(50.36, 41.38)",False
7.969,267.802,0.242,False,203,"(48.62, 43.83)",True
7.56,268.606,0.476,False,199,"(49.59, 42.38)",True
9.102,268.765,0.134,False,189,"(49.17, 43.62)",False
8.878,264.438,0.206,False,169,"(48.68, 43.54)",False
9.137,265.649,0.226,False,175,"(47.4, 43.95)",False
8.465,261.516,0.056,False,182,"(45.37, 46.6)",False
7.922,257.661,0.17,False,188,"(44.9, 47.12)",False
6.838,255.3,0.073,False,199,"(43.72, 45.92)",True
7.559,256.493,0.191,False,184,"(41.2, 45.43)",False
7.133,261.014,0.093,False,204,"(41.98, 44.61)",True
6.632,263.364,0.162,False,218,"(43.31, 46.26)",True
6.089,262.704,0.084,False,243,"(44.29, 48.39)",True
6.333,254.84,0.046,False,240,"(42.34, 47.99)",False
6.042,256.939,0.035,False,234,"(42.43, 47.39)",False
6.818,256.375,0.037,False,242,"(43.72, 48.3)",False
6.714,257.602,0.006,False,246,"(43.61, 49.51)",False
7.323,257.843,0.006,False,234,"(42.98, 49.11)",True
7.365,257.752,0.091,False,248,"(42.47, 48.96)",False
7.992,260.944,0.069,False,252,"(44.6, 49.58)",False
8.181,258.912,0.03,False,231,"(45.62, 47.7)",True
8.11,258.413,0.053,False,255,"(45.2, 47.4)",False
7.924,258.67,0.042,False,272,"(45.58, 47.84)",False
8.037,257.855,0.02,False,251,"(47.22, 46.88)",False
6.935,256.934,0.014,False,268,"(48.43, 46.53)",False
7.747,255.099,0.026,False,273,"(48.83, 48.11)",False
6.124,256.33,0.142,False,282,"(48.8, 47.13)",False
6.442,254.273,0.107,False,284,"(48.31, 47.8)",False
5.437,261.808,0.061,False,298,"(47.5, 48.24)",False
5.097,265.644,0.377,False,295,"(46.67, 47.1)",False
5.604,262.378,0.187,False,294,"(47.21, 46.7)",False
4.126,263.656,0.318,False,314,"(46.98, 47.02)",False
4.151,264.628,0.132,False,322,"(46.1, 47.16)",False
4.365,265.229,0.023,False,332,"(46.74, 47.3)",False
4.692,264.7,0.05,False,312,"(45.83, 47.45)",False
4.605,264.102,0.06,False,314,"(48.22, 47.23)",False
3.802,265.701,0.048,False,313,"(46.3, 45.67)",False
4.098,266.27,0.044,False,329,"(47.18, 47.69)",False
4.529,264.436,0.041,False,321,"(48.22, 48.28)",False
4.285,264.632,0.076,False,337,"(46.28, 48.86)",False
4.365,261.908,0.092,False,337,"(47.82, 50.04)",False
4.478,265.7,0.085,False,347,"(47.78, 50.4)",False
5.69,258.242,0.407,False,335,"(46.8, 51.12)",False
4.806,268.417,0.114,False,327,"(45.27, 50.93)",False
5.06,271.454,0.168,False,327,"(44.73, 50.85)",False
4.18,274.121,0.202,False,331,"(44.68, 48.59)",False
4.711,268.884,0.245,False,316,"(44.28, 48.22)",False
3.746,274.587,0.186,False,330,"(44.14, 49.63)",False
3.165,287.587,0.222,False,347,"(45.36, 48.59)",False
3.264,277.541,0.411,False,347,"(46.32, 47.99)",False
3.124,287.052,0.173,False,349,"(45.56, 48.79)",False
2.688,286.903,0.089,False,370,"(44.69, 49.59)",False
2.814,286.025,0.044,False,384,"(46.12, 48.63)",False
2.729,288.612,0.11,False,384,"(45.45, 48.26)",False
2.574,287.569,0.073,False,405,"(46.55, 48.62)",False
2.884,282.864,0.121,False,374,"(46.55, 48.21)",False
2.843,279.107,0.058,False,357,"(45.97, 48.15)",False
3.012,269.875,0.1,False,405,"(46.12, 49.8)",False
3.418,262.552,0.048,False,391,"(44.58, 49.77)",False
3.202,268.186,0.034,False,404,"(45.58, 50.17)",False
3.736,261.601,0.041,False,398,"(44.76, 49.73)",False
4.285,264.156,0.077,False,407,"(45.36, 50.33)",False
4.318,261.262,0.045,False,417,"(45.51, 49.53)",False
4.156,261.131,0.114,False,405,"(44.7, 47.65)",False
4.203,267.485,0.129,False,399,"(44.51, 47.24)",False
5.282,266.058,0.428,False,392,"(44.66, 45.43)",False
4.638,267.181,0.129,False,390,"(43.97, 46.52)",False
5.282,263.989,0.237,False,376,"(44.65, 48.06)",False
4.274,266.107,0.028,False,364,"(44.48, 45.52)",False
4.03,265.679,0.098,False,411,"(44.72, 46.98)",False
4.883,265.005,0.213,False,374,"(44.34, 45.57)",False
4.6,280.348,0.111,False,379,"(44.91, 47.72)",False
4.518,268.194,0.057,False,413,"(45.98, 47.33)",False
5.293,269.934,0.232,False,382,"(45.65, 48.5)",False
5.018,266.998,0.056,False,376,"(45.31, 47.98)",False
4.914,267.815,0.053,False,419,"(47.09, 47.95)",False
5.278,268.633,0.034,False,365,"(46.57, 47.73)",False
5.547,267.895,0.018,False,391,"(46.62, 47.94)",False
5.78,267.614,0.069,False,347,"(46.38, 48.53)",False
5.515,266.589,0.039,False,363,"(47.65, 49.17)",True
5.057,263.482,0.072,False,385,"(47.72, 49.9)",True
5.24,265.139,0.044,False,348,"(48.56, 50.44)",False
5.403,266.658,0.038,False,406,"(47.03, 50.26)",True
5.24,270.416,0.028,False,424,"(47.11, 49.38)",False
5.267,270.171,0.01,False,383,"(45.49, 50.05)",False
4.86,270.067,0.011,False,413,"(46.7, 51.2)",True
5.031,271.02,0.009,False,380,"(48.41, 50.35)",True
4.873,273.049,0.009,False,430,"(47.01, 50.8)",False
5.151,273.325,0.038,False,388,"(47.2, 49.8)",True
4.914,271.61,0.052,False,391,"(47.7, 49.42)",True
4.514,271.462,0.01,False,433,"(48.32, 50.49)",False
4.675,273.524,0.009,False,410,"(48.72, 50.39)",True
4.619,273.441,0.01,False,403,"(47.58, 48.45)",True
4.675,274.285,0.008,False,432,"(47.34, 49.77)",False
4.719,272.191,0.033,False,403,"(47.09, 49.67)",True
5.005,274.047,0.127,False,400,"(46.78, 49.96)",True
5.566,277.159,0.254,False,428,"(47.62, 51.58)",False
5.248,272.436,0.246,False,440,"(47.16, 51.4)",False
5.506,273.565,0.207,False,424,"(46.99, 50.54)",True
5.327,272.665,0.053,False,447,"(46.91, 50.73)",False
5.422,270.611,0.053,False,426,"(46.93, 51.27)",True
5.331,268.485,0.027,False,426,"(46.23, 52.07)",True
5.794,267.333,0.057,False,451,"(46.84, 51.36)",False
5.566,266.816,0.016,False,443,"(46.46, 53.08)",False
6.176,268.244,0.047,False,434,"(46.66, 52.26)",False
6.308,265.783,0.056,False,469,"(47.58, 52.48)",False
6.087,266.949,0.075,False,447,"(46.86, 52.69)",False
5.903,268.028,0.073,False,474,"(46.23, 52.68)",False
5.688,269.603,0.091,False,481,"(46.29, 52.83)",False
5.771,271.527,0.029,False,445,"(45.83, 51.4)",False
5.794,272.91,0.063,False,425,"(45.44, 50.4)",True
5.398,273.239,0.086,False,475,"(46.25, 51.03)",False
4.812,274.505,0.027,False,430,"(45.82, 51.48)",False
5.291,275.893,0.016,False,469,"(46.13, 50.76)",False
5.398,278.521,0.029,False,463,"(46.51, 50.23)",False
5.752,278.138,0.055,False,463,"(46.38, 49.63)",True
5.753,276.051,0.08,False,453,"(46.9, 49.73)",False
5.144,274.28,0.146,False,478,"(46.19, 49.16)",False
4.88,276.14,0.045,False,472,"(46.21, 49.51)",False
4.857,276.39,0.078,False,479,"(46.2, 49.29)",False
4.749,271.188,0.085,False,473,"(45.78, 48.01)",False
4.73,272.202,0.224,False,472,"(46.07, 49.28)",True
4.739,275.303,0.043,False,466,"(46.81, 48.87)",False
4.834,281.448,0.271,False,442,"(46.53, 47.47)",False
4.435,280.29,0.031,False,457,"(46.79, 47.84)",True
4.476,279.783,0.111,False,442,"(47.12, 47.64)",True
4.445,285.305,0.192,False,453,"(47.47, 47.46)",False
4.041,290.604,0.033,False,458,"(48.21, 47.97)",True
4.495,289.819,0.08,False,454,"(47.11, 48.25)",False
3.916,296.807,0.086,False,453,"(47.09, 48.15)",False
4.731,288.026,0.126,False,442,"(47.97, 49.04)",True
4.073,301.146,0.08,False,413,"(49.97, 48.6)",False
5.791,293.863,0.219,False,460,"(48.94, 49.3)",True
4.059,300.64,0.111,False,449,"(49.07, 49.37)",True
4.713,308.068,0.09,False,430,"(50.43, 49.62)",True
6.522,301.262,0.476,False,413,"(53.03, 48.9)",False
5.074,309.935,0.165,False,374,"(54.8, 47.44)",False
5.108,314.868,0.479,False,360,"(55.99, 48.34)",False
5.232,295.457,0.602,False,391,"(55.97, 48.56)",False
5.417,296.935,0.123,False,382,"(56.13, 48.22)",False
5.518,296.34,0.097,False,357,"(56.23, 48.81)",False
6.935,284.734,0.086,False,344,"(56.67, 47.42)",False
7.182,281.362,0.054,False,310,"(56.83, 47.5)",False
6.306,282.281,0.095,False,319,"(53.98, 46.46)",False
7.104,272.254,0.11,False,349,"(53.54, 47.63)",False
6.525,272.11,0.11,False,349,"(53.04, 48.86)",False
6.783,268.123,0.117,False,359,"(52.39, 48.37)",False
7.205,262.019,0.088,False,352,"(51.75, 49.41)",False
7.023,268.115,0.071,False,369,"(52.69, 50.8)",False
7.036,264.778,0.02,False,368,"(52.45, 52.5)",False
6.497,267.775,0.07,False,361,"(52.44, 51.97)",False
6.415,274.815,0.037,False,370,"(51.49, 51.34)",False
6.257,281.334,0.031,False,365,"(54.0, 48.27)",False
6.695,277.832,0.033,False,352,"(55.3, 49.17)",False
7.008,280.09,0.11,False,310,"(56.97, 47.99)",False
7.038,284.773,0.051,False,258,"(58.22, 44.71)",False
7.733,283.008,0.106,False,284,"(61.84, 48.0)",False
7.097,275.09,0.139,False,247,"(64.78, 49.93)",False
8.043,270.668,0.101,False,211,"(66.57, 47.48)",False
5.911,263.763,0.477,False,278,"(65.22, 48.7)",False
4.545,257.331,0.036,False,234,"(65.99, 49.16)",False
4.655,262.187,0.608,False,231,"(64.56, 47.61)",False
4.068,238.721,0.059,False,256,"(65.23, 48.9)",False
5.995,231.036,0.341,False,264,"(63.59, 47.69)",False
4.421,223.449,0.051,False,264,"(63.03, 46.78)",False
4.412,223.556,0.173,False,283,"(61.79, 47.23)",False
5.692,224.501,0.185,False,305,"(60.55, 48.61)",False
4.059,230.038,0.081,False,284,"(59.75, 47.22)",False
7.141,225.966,0.147,False,307,"(59.96, 48.57)",False
10.066,241.065,0.16,False,326,"(57.88, 49.3)",False
7.047,227.466,0.477,False,312,"(56.36, 47.13)",True
8.142,207.861,0.627,False,325,"(55.44, 46.29)",True
6.368,202.54,0.237,False,343,"(53.51, 47.54)",False
6.305,205.574,0.292,False,343,"(51.76, 46.23)",False
6.136,205.996,0.187,False,334,"(50.02, 44.48)",False
6.806,213.839,0.465,False,298,"(46.33, 41.9)",False
7.245,215.733,0.279,False,312,"(44.16, 40.85)",False
7.835,225.866,0.302,False,307,"(42.37, 41.84)",False
6.635,240.099,0.132,False,307,"(42.45, 39.21)",False
7.443,251.376,0.149,False,336,"(41.42, 41.34)",False
7.804,255.992,0.151,False,338,"(41.78, 40.99)",False
6.999,258.64,0.171,False,334,"(42.61, 40.65)",False
